false card;Amount;Payment;Sex;Tenant;Revenue;Age;Fruit & Vegetable;Meat;Milk products;Canned vegetables;Canned meat;Frozen food;Beer;Wine;Soda;Fish;Textile
39808;427.12;CHEQUE;M;true;270000;46;false;true;true;false;false;false;false;false;false;false;true
67362;253.56;CASH;F;true;300000;28;false;true;false;false;false;false;false;false;false;false;true
10872;206.17;CASH;M;true;132000;36;false;false;false;true;false;true;true;false;false;true;false
26748;236.88;CARD;F;true;122000;26;false;false;true;false;false;false;false;true;false;false;false
91609;188.13;CARD;M;false;110000;24;false;false;false;false;false;false;false;false;false;false;false
26630;464.86;CARD;F;true;150000;35;false;true;false;false;false;false;false;true;false;true;false
62995;140.46;CASH;F;false;208000;30;true;false;false;false;false;false;false;false;true;false;false
38765;222.03;CASH;M;false;244000;22;false;false;false;false;false;false;true;false;false;false;false
28935;229.75;CHEQUE;F;true;295000;46;true;false;false;false;false;true;false;false;false;false;false
41792;145.69;CASH;M;true;296000;22;true;false;false;false;false;false;false;false;false;true;false
59480;103.28;CASH;F;true;271000;18;true;true;true;true;false;false;false;true;false;true;false
60755;137.79;CASH;F;false;200000;48;true;false;false;false;false;false;false;false;false;true;false
70998;365.09;CARD;M;false;273000;43;false;false;true;false;true;true;false;false;false;true;false
80617;102.01;CHEQUE;F;false;280000;43;false;false;false;false;false;false;false;false;true;true;false
61144;103.73;CASH;F;true;274000;24;true;false;true;false;false;false;false;false;true;true;false
36405;348.22;CHEQUE;F;false;184000;19;false;false;false;false;false;true;true;false;true;false;false
76567;422.48;CARD;M;false;231000;31;true;false;false;true;false;false;false;false;false;true;false
85699;181.68;CASH;F;false;270000;29;false;false;false;false;false;false;false;false;false;true;false
11357;107.53;CASH;F;false;231000;26;false;false;false;false;false;false;true;false;false;true;false
97761;323.18;CARD;F;false;258000;38;true;false;false;true;false;false;false;true;false;true;true
20362;317.2;CASH;M;false;251000;38;false;false;false;false;false;true;false;false;false;true;false
33173;368.32;CASH;F;false;247000;43;false;false;false;false;false;false;false;true;false;false;true
69934;311.78;CHEQUE;F;false;213000;41;false;false;false;false;false;false;false;false;false;true;false
14743;216.81;CASH;M;false;124000;48;false;true;true;true;true;true;true;true;false;false;false
83071;298.53;CASH;M;false;181000;31;false;false;false;false;false;false;true;false;false;false;true
17571;152.7;CARD;F;false;229000;23;false;false;true;false;false;true;true;false;false;false;false
37917;322.31;CHEQUE;F;true;270000;32;false;true;false;false;false;false;false;true;false;false;true
11236;425.66;CARD;M;false;268000;34;false;false;false;false;false;false;false;false;false;false;false
47914;445.91;CASH;F;false;247000;32;false;true;false;false;false;false;false;true;false;true;true
58154;491.36;CHEQUE;M;true;213000;50;false;false;false;false;true;false;false;false;false;false;false
35197;403.39;CASH;M;true;274000;38;false;false;false;false;false;true;true;true;false;true;false
64892;389.99;CASH;F;false;129000;46;false;false;false;false;false;true;false;true;false;false;false
102467;137.62;CARD;F;false;267000;48;false;false;false;true;true;false;true;true;false;false;false
56677;303.09;CASH;F;true;278000;42;true;false;false;false;false;false;false;false;false;false;false
94105;103.71;CARD;M;false;241000;44;false;true;false;false;false;false;false;false;true;false;false
63817;291.74;CHEQUE;M;false;196000;28;false;false;false;false;false;false;false;false;false;false;false
44887;468.98;CARD;M;false;284000;41;true;false;false;false;false;false;false;false;false;false;false
69720;137.83;CARD;F;true;166000;41;false;true;false;false;false;false;false;false;false;false;false
97267;330.61;CHEQUE;F;false;102000;19;false;false;false;false;false;false;false;false;false;true;true
53750;385.11;CHEQUE;F;false;248000;23;false;false;false;false;false;false;false;true;false;false;true
109530;374.84;CARD;M;true;211000;30;false;true;false;false;false;false;true;false;false;false;false
65493;267.73;CASH;M;false;199000;43;false;false;false;false;false;false;false;false;true;false;false
96694;282.75;CARD;M;true;163000;28;false;false;false;true;true;true;true;true;false;true;false
46730;416.17;CARD;F;true;187000;35;true;false;false;false;true;false;false;false;false;false;false
60499;118.44;CASH;M;false;128000;30;true;true;false;false;false;false;false;false;false;false;false
73004;130.57;CHEQUE;M;false;238000;18;false;false;false;false;false;false;false;true;false;false;false
21787;195.36;CASH;M;true;197000;45;false;false;false;false;false;false;false;false;false;true;false
28314;388.06;CARD;F;false;292000;37;false;false;false;false;false;true;false;true;false;false;true
24651;321.21;CASH;F;true;227000;37;false;false;false;false;false;false;false;true;true;false;true
29367;433.14;CHEQUE;M;false;288000;35;false;false;false;false;false;true;false;false;false;false;false
15072;416.45;CARD;M;true;284000;34;false;false;false;false;false;true;false;false;false;false;false
33622;392.37;CASH;M;true;262000;25;true;false;false;false;false;false;true;true;false;true;false
42167;106.2;CARD;F;true;111000;35;false;true;false;false;false;false;false;true;true;false;false
43550;105.36;CASH;M;true;102000;47;false;false;false;true;false;true;true;false;true;false;false
18724;491.77;CASH;F;true;135000;17;false;false;true;false;false;false;true;false;false;false;false
91019;484.02;CARD;M;false;241000;29;false;false;false;false;false;false;false;true;false;false;false
68193;157.15;CARD;F;false;296000;24;true;false;false;false;false;false;false;false;false;false;false
35262;262.51;CHEQUE;M;false;181000;22;true;false;false;true;false;false;true;true;false;false;false
93401;457.96;CARD;F;false;297000;25;false;false;false;false;false;false;false;true;false;true;true
15177;247.91;CARD;F;true;117000;46;false;false;false;false;false;false;false;false;false;false;true
96173;263.48;CARD;F;true;138000;31;false;false;false;false;false;false;false;false;true;false;false
50180;355.43;CASH;M;false;237000;42;false;false;false;true;true;false;false;false;true;false;true
31828;304.26;CARD;M;true;120000;17;true;false;true;false;true;false;false;false;false;true;false
62022;427.13;CASH;F;true;133000;40;false;false;false;false;false;false;false;true;false;false;true
105225;285.34;CASH;M;true;216000;35;true;false;true;false;false;false;false;false;false;false;true
64668;312;CASH;M;true;112000;49;false;false;true;true;true;true;true;false;true;false;false
53320;462.7;CARD;M;false;182000;39;false;false;false;false;true;false;false;false;true;true;false
15068;178.94;CHEQUE;M;false;214000;50;false;false;false;false;false;false;true;false;false;false;false
99849;370.25;CASH;F;false;114000;17;true;false;true;false;false;false;false;false;false;false;false
63694;223.04;CARD;F;false;117000;29;true;false;true;true;false;false;false;false;false;false;false
24874;359.38;CASH;F;false;267000;46;true;true;true;false;false;false;false;true;false;false;true
104988;243.26;CASH;M;true;248000;39;false;false;false;false;true;false;false;false;false;false;false
84902;449.99;CARD;M;false;296000;50;false;false;false;false;false;true;false;false;false;false;false
96512;378.72;CARD;F;true;205000;43;true;false;false;false;false;false;true;true;false;false;true
99575;192.13;CARD;M;false;281000;38;false;false;false;false;false;true;false;false;false;true;false
33413;379.01;CASH;F;true;207000;39;false;false;false;false;false;true;false;true;false;false;true
57678;476.59;CHEQUE;M;true;249000;29;false;false;false;false;false;true;false;false;false;false;false
89425;288.61;CHEQUE;M;true;203000;17;true;false;false;true;false;false;true;false;false;true;false
60571;246.7;CASH;F;true;186000;29;false;false;false;false;false;true;false;false;false;true;false
76095;280.02;CHEQUE;M;false;110000;46;false;false;false;true;false;true;true;false;false;false;false
48247;486.79;CHEQUE;F;true;110000;50;false;false;false;false;false;false;false;false;false;false;false
88019;473.6;CHEQUE;M;false;233000;41;true;false;false;false;false;false;false;false;false;false;false
30850;171.81;CASH;F;true;199000;34;true;false;false;false;false;false;false;false;false;true;false
66117;254.94;CHEQUE;F;true;272000;26;false;false;false;false;true;false;false;false;false;true;false
97377;282.63;CARD;F;true;127000;24;false;false;false;false;false;false;true;false;false;false;false
101722;157.22;CHEQUE;M;true;294000;31;false;true;false;false;false;true;false;false;false;true;false
43498;336.06;CHEQUE;F;false;170000;44;false;false;false;false;false;false;false;false;false;false;false
44562;135.32;CHEQUE;F;false;286000;50;false;false;false;false;false;true;false;false;true;false;false
74710;163.7;CARD;F;false;273000;30;false;false;false;false;false;false;false;false;false;false;false
85585;364.26;CARD;F;false;263000;46;false;false;false;false;false;false;false;true;true;false;true
97287;353.7;CHEQUE;M;true;138000;49;false;false;false;true;false;true;true;true;false;true;false
19268;250.55;CASH;F;false;110000;29;false;false;false;false;false;false;false;false;false;false;false
50150;395.24;CASH;F;true;188000;27;true;false;false;false;false;false;false;true;true;true;false
67455;181.98;CARD;F;false;193000;40;false;true;false;false;false;false;true;false;false;false;false
16350;318.92;CARD;F;false;229000;16;true;true;false;false;false;false;false;false;false;false;false
42778;352.8;CASH;M;false;155000;17;false;false;true;true;false;true;true;false;true;false;false
98181;163.51;CASH;F;false;219000;24;false;false;true;false;false;false;false;false;true;false;true
106522;100.07;CHEQUE;M;false;145000;22;false;false;false;true;false;true;true;false;false;false;false
36278;430.06;CASH;M;true;204000;40;false;true;false;false;false;true;false;false;true;false;false
26130;126.21;CHEQUE;F;true;184000;45;false;false;false;true;false;false;false;true;false;false;false
57851;295.62;CASH;F;false;187000;43;true;false;false;false;true;false;true;false;false;false;true
81971;193.67;CASH;M;true;282000;17;true;false;true;true;false;false;false;false;false;true;false
57068;228.53;CHEQUE;M;true;209000;42;false;false;true;false;false;false;false;false;false;false;false
69122;320.16;CARD;M;false;293000;34;false;false;true;false;true;false;false;false;false;false;false
68489;225.68;CHEQUE;F;false;249000;18;false;false;false;false;false;true;false;false;false;true;false
46471;254.79;CHEQUE;M;false;171000;23;false;false;false;false;false;false;false;false;false;false;false
88359;230.21;CARD;F;false;191000;21;true;true;false;false;false;false;false;false;false;false;true
44294;385.31;CASH;M;true;163000;18;false;false;true;true;false;true;true;false;false;false;false
95604;235.05;CHEQUE;M;true;116000;44;false;false;false;true;true;true;true;true;false;true;false
103596;274.25;CARD;F;true;123000;26;false;false;false;false;true;false;false;false;true;false;false
103473;250.33;CHEQUE;F;false;121000;26;false;false;false;false;true;true;false;false;false;false;false
94467;189.58;CASH;M;false;166000;49;false;false;false;true;false;true;true;false;true;true;false
38097;371.38;CASH;M;true;117000;19;true;false;false;true;true;true;true;true;false;true;false
49632;107.71;CARD;M;true;217000;21;false;false;false;true;true;false;false;false;false;true;true
82558;101.07;CARD;F;false;275000;22;false;true;false;false;false;false;true;true;true;false;false
50324;201;CASH;M;false;289000;16;false;true;false;false;false;false;false;false;true;true;false
38468;427.9;CARD;F;false;183000;23;false;false;false;false;false;false;false;false;false;false;false
38055;144.49;CARD;F;false;226000;25;true;false;false;false;false;false;false;false;false;false;false
74876;182.93;CASH;M;false;171000;45;false;false;true;false;false;false;true;false;false;false;true
18079;248.16;CARD;M;false;198000;32;false;false;true;false;false;false;false;true;false;false;false
16316;391.7;CHEQUE;M;true;233000;22;true;false;true;false;false;true;false;false;false;true;false
37166;164.83;CARD;F;true;216000;23;true;false;false;false;false;false;true;false;false;true;false
18334;424.34;CASH;F;true;259000;43;false;false;false;false;false;true;false;true;false;false;true
102645;134.21;CARD;F;false;172000;23;false;false;false;true;true;false;false;false;false;false;false
101100;189.59;CARD;M;false;166000;42;false;false;false;true;false;true;true;true;false;false;false
64861;187.71;CASH;M;false;272000;49;false;false;true;false;false;true;true;false;false;false;true
19041;146.82;CARD;F;true;211000;23;true;true;false;true;false;false;false;false;false;true;false
85771;100.45;CARD;F;true;157000;36;false;false;false;false;true;false;false;true;false;false;true
79303;396.49;CASH;M;true;170000;19;true;false;true;false;false;false;false;false;false;true;false
92675;445.15;CHEQUE;F;true;181000;47;false;true;false;false;false;false;false;false;false;false;false
71690;136.36;CASH;F;true;293000;18;true;false;false;false;false;false;true;false;true;true;false
86350;121.84;CARD;F;true;182000;49;false;false;false;false;false;true;false;false;true;false;false
88260;297.78;CARD;F;true;120000;34;false;false;true;true;false;false;false;false;false;false;false
86759;484.56;CARD;F;true;148000;34;false;false;false;true;false;false;false;false;false;false;false
49861;388.49;CASH;M;false;203000;32;false;false;false;false;false;false;true;false;false;false;false
21543;139.17;CHEQUE;F;true;289000;27;false;false;false;true;false;true;false;true;true;false;false
70481;317;CHEQUE;M;false;298000;30;false;false;false;true;false;false;true;false;true;true;false
29944;428.98;CASH;M;true;298000;18;true;false;false;false;false;true;true;false;true;true;false
46054;142.81;CARD;M;true;150000;46;false;true;false;true;true;true;true;false;true;false;true
61329;269.28;CARD;F;false;172000;49;true;false;false;false;false;false;false;false;false;false;false
24566;394.48;CARD;F;false;243000;34;false;false;false;true;true;false;false;true;false;true;true
58768;180.79;CHEQUE;F;false;108000;16;false;false;false;false;false;false;false;true;true;false;false
71343;482.75;CASH;M;false;137000;38;false;false;false;true;false;true;true;false;false;false;false
55418;208.81;CARD;F;false;168000;23;true;false;false;false;false;false;false;false;false;false;false
18228;317.27;CASH;M;true;177000;41;false;false;false;true;false;false;false;false;false;false;false
37305;339.6;CARD;M;true;182000;49;false;false;false;false;false;false;false;false;false;false;false
30243;303.91;CASH;M;false;115000;33;false;true;false;true;true;true;true;true;false;false;true
59599;274.88;CASH;F;false;187000;28;false;false;false;false;true;true;true;false;false;false;false
61869;318.01;CASH;M;true;121000;46;true;false;false;true;false;true;true;true;false;false;false
10360;274.01;CHEQUE;M;true;134000;20;true;false;false;true;false;true;true;false;false;true;false
83338;262.06;CASH;M;true;185000;41;false;false;false;false;true;false;false;false;false;false;false
39080;183.87;CARD;F;false;210000;36;false;false;false;true;false;false;false;false;false;true;false
84799;313.19;CARD;M;false;176000;21;false;true;false;false;true;false;false;false;false;false;false
51979;205.28;CARD;M;false;111000;16;false;false;false;true;true;true;true;false;false;false;true
40505;430.39;CARD;F;true;254000;50;false;true;true;false;false;false;false;true;false;false;true
37098;266.37;CARD;F;false;141000;37;true;true;false;false;false;false;false;false;true;false;false
29524;107.12;CASH;F;false;251000;37;false;false;false;true;false;false;false;false;false;false;false
63452;178.91;CASH;M;true;120000;48;false;false;false;true;true;true;true;false;false;false;false
20158;237.44;CHEQUE;M;false;290000;43;false;false;false;false;true;false;false;false;false;true;false
70182;113;CARD;F;false;122000;18;false;false;false;true;false;true;false;false;false;false;false
56034;412.71;CASH;M;true;141000;16;true;true;false;true;false;true;true;false;false;true;false
44235;277.26;CASH;F;false;232000;41;false;false;true;false;false;false;true;true;false;false;true
96881;146.11;CARD;M;false;119000;39;false;false;false;true;true;true;true;true;false;false;false
27166;134.51;CASH;F;false;251000;44;false;false;false;false;false;false;false;false;false;false;false
39884;312.73;CASH;M;true;297000;21;false;false;false;false;false;false;false;true;false;false;false
95141;453.42;CARD;F;false;209000;37;true;false;false;false;false;false;false;true;false;false;true
28110;276.97;CARD;M;false;121000;21;false;false;false;false;false;true;false;false;false;false;false
85259;409.3;CARD;F;false;110000;22;true;false;false;false;false;true;true;false;false;false;false
14996;222.59;CASH;M;false;261000;17;false;true;true;true;false;true;false;false;false;true;true
55652;417.16;CARD;M;true;141000;20;true;false;false;true;false;true;true;false;false;true;false
43964;294.58;CASH;F;true;185000;24;true;false;false;true;false;false;false;true;false;true;false
51183;223.15;CASH;F;true;231000;25;false;false;false;false;false;false;false;false;false;false;false
29310;498.45;CASH;M;false;289000;22;false;false;false;false;false;false;false;true;true;false;false
21187;205.74;CHEQUE;F;false;154000;36;false;true;false;false;false;false;true;false;false;false;false
83536;319.36;CASH;F;true;116000;22;false;false;false;false;false;false;true;false;true;true;false
95887;431.96;CASH;M;true;125000;27;false;false;false;true;true;true;true;false;true;false;false
88176;345.36;CARD;F;false;283000;31;false;false;true;false;false;true;false;true;true;false;true
65418;386.01;CASH;F;false;246000;48;false;false;false;false;false;false;false;true;false;false;true
27766;400.77;CARD;F;true;189000;34;true;false;false;false;false;false;true;false;false;false;false
66191;375.23;CASH;F;true;226000;35;true;false;true;false;false;true;true;false;false;false;false
108764;446.29;CASH;M;false;102000;27;false;false;false;true;false;true;true;true;false;true;false
12782;313.29;CHEQUE;F;true;203000;31;false;false;false;true;false;false;true;false;false;false;false
75118;317.77;CHEQUE;F;false;222000;49;false;false;false;false;true;false;false;false;false;false;false
58188;360.63;CARD;M;true;299000;19;true;false;false;false;true;false;false;false;false;true;false
95479;457.41;CHEQUE;M;true;227000;32;false;false;false;true;true;false;false;true;false;false;true
59439;207.78;CASH;M;false;220000;24;true;false;false;false;false;false;true;false;false;false;false
104903;344.43;CASH;F;true;282000;30;true;false;false;false;false;false;false;true;false;false;true
44825;369.44;CARD;F;true;126000;50;false;true;false;false;false;false;false;false;false;true;true
71887;300.67;CASH;M;true;147000;46;false;true;false;true;false;true;true;true;false;true;true
18708;307.86;CASH;F;false;259000;35;false;false;false;true;true;true;true;false;false;true;false
74423;223.17;CASH;F;false;200000;18;false;false;false;false;false;false;true;false;false;false;false
97967;115.14;CASH;F;true;276000;48;false;false;false;false;false;false;false;false;true;true;false
20386;398.29;CHEQUE;F;false;154000;32;false;false;true;false;false;false;false;false;false;false;false
77218;382.71;CARD;M;true;165000;34;true;false;false;true;false;true;true;true;false;true;false
80137;128.47;CASH;F;true;222000;33;false;false;false;false;false;false;false;false;false;false;false
84092;348.49;CARD;F;true;220000;48;true;false;true;false;false;true;false;true;true;true;true
58914;289.16;CARD;F;false;255000;50;false;false;false;false;false;true;false;false;false;false;false
16287;425.53;CASH;F;true;258000;16;true;false;false;false;false;false;false;false;true;true;true
86044;305.43;CARD;M;true;139000;30;false;false;false;true;false;true;true;true;true;false;false
36927;201.81;CHEQUE;M;true;111000;35;false;false;false;true;false;true;true;false;false;false;true
93304;424.56;CARD;M;true;282000;34;false;false;false;false;false;true;false;false;false;false;true
66988;179.59;CARD;M;false;123000;43;false;false;false;true;false;true;true;false;false;true;false
55091;402.27;CASH;M;true;244000;19;false;false;false;false;true;false;true;false;false;false;false
64215;170.99;CASH;M;true;153000;42;true;false;false;true;true;true;true;false;false;false;false
28629;448.1;CASH;M;true;262000;31;false;false;false;false;false;false;true;false;false;false;true
98383;338.64;CASH;M;true;245000;32;false;false;false;true;true;true;false;false;false;false;true
107505;213.63;CASH;F;false;250000;32;false;false;false;false;false;false;false;false;false;false;true
99578;157.68;CARD;M;true;243000;27;false;false;false;false;true;false;false;false;true;false;true
28979;358.49;CHEQUE;F;false;201000;21;false;false;false;true;false;false;false;true;false;false;true
102733;285.15;CASH;F;true;172000;24;true;false;false;false;false;false;false;false;false;true;true
81690;373.61;CARD;F;true;239000;36;false;false;false;false;false;false;false;true;false;false;true
25405;364.16;CARD;M;true;276000;36;false;false;false;false;true;false;false;false;false;true;false
85348;402.67;CHEQUE;F;false;124000;24;false;false;false;false;true;false;false;false;false;false;false
19915;400.86;CASH;F;true;157000;21;true;false;false;false;true;false;false;false;false;true;false
99387;106.18;CASH;F;true;165000;49;false;true;false;false;true;false;false;false;false;false;true
32380;111.22;CARD;F;false;189000;20;true;false;false;true;false;false;false;true;false;false;false
39914;367.28;CARD;F;false;137000;26;true;false;true;false;false;false;false;false;false;false;false
57952;351.48;CHEQUE;F;true;269000;48;false;false;false;true;false;false;false;true;false;false;true
64239;275.08;CARD;M;false;158000;22;false;false;false;true;false;true;true;true;true;false;false
38014;233.31;CHEQUE;F;true;160000;42;false;true;false;true;true;true;false;false;true;false;false
21875;107.26;CASH;F;true;250000;17;true;false;false;false;false;false;false;true;false;true;false
37939;497.31;CARD;M;false;283000;18;true;true;false;false;true;false;false;false;true;false;false
109061;373.48;CASH;F;true;278000;50;false;true;false;false;false;false;false;true;false;false;true
100754;113.29;CHEQUE;F;true;171000;16;true;false;false;true;false;true;false;false;false;true;false
28313;348.88;CASH;F;true;277000;48;true;false;false;false;false;false;false;true;false;false;true
82753;375.76;CHEQUE;F;false;232000;42;true;true;true;false;false;false;false;true;false;false;true
105412;183.09;CASH;M;true;185000;29;false;false;false;false;false;false;true;false;false;false;false
42583;356.75;CASH;F;false;133000;24;false;false;false;false;false;false;false;false;false;false;false
89233;376.83;CARD;F;false;284000;17;false;true;false;false;false;false;false;false;false;false;false
76777;437.48;CARD;F;true;269000;28;false;false;false;false;false;false;false;true;false;false;true
16220;347.87;CHEQUE;M;true;153000;33;false;false;false;true;false;true;true;false;true;false;true
17864;356.56;CHEQUE;F;true;289000;18;true;false;true;false;false;false;false;true;false;true;true
87270;314.86;CHEQUE;M;true;213000;29;false;false;true;true;true;false;false;true;false;false;false
34593;358.23;CARD;M;false;268000;50;false;false;true;false;true;true;false;true;false;false;false
67697;129.47;CARD;M;true;182000;44;false;false;true;false;false;true;false;false;false;false;false
32302;338.3;CARD;F;false;125000;37;false;false;false;false;false;false;false;false;false;false;false
15663;451.9;CARD;F;false;197000;45;false;false;false;false;false;false;true;false;false;false;false
108601;141.21;CASH;M;true;171000;49;false;false;false;false;false;false;false;true;false;true;false
55951;156.79;CARD;M;true;236000;39;false;false;false;false;false;false;false;true;false;false;true
39817;132;CASH;F;false;175000;49;false;false;false;false;false;false;true;false;false;false;false
19613;461.5;CARD;F;false;110000;45;false;false;false;false;true;false;false;false;false;false;false
71600;473.23;CHEQUE;M;true;124000;33;true;false;false;true;true;true;true;true;false;true;false
96561;303.75;CARD;M;true;170000;29;false;false;false;false;false;false;false;false;false;false;false
90861;382.55;CASH;F;false;186000;29;true;true;false;false;false;false;false;false;false;false;true
68501;153.72;CHEQUE;F;true;240000;31;true;true;false;false;false;false;false;false;true;true;false
30132;239.35;CASH;M;true;157000;23;true;false;true;true;false;true;true;false;false;true;false
78639;320.69;CASH;M;true;279000;48;false;false;false;false;false;false;false;false;false;true;false
46419;453.23;CARD;F;true;200000;27;false;false;false;false;false;false;false;false;false;false;true
50633;230.63;CHEQUE;M;false;192000;46;false;false;false;false;false;false;false;false;false;false;true
11553;151.13;CASH;M;true;283000;27;false;false;false;false;false;false;false;false;false;false;true
65853;206.81;CASH;M;false;175000;33;true;false;true;false;false;false;false;false;false;false;false
47547;428.15;CASH;F;false;169000;46;false;false;false;false;false;false;false;false;true;false;false
38360;350.15;CASH;F;false;147000;27;false;false;false;true;false;false;false;false;false;false;false
107728;169.6;CHEQUE;F;true;268000;49;false;true;false;false;false;true;true;true;false;false;false
30390;266.27;CASH;M;false;214000;25;false;false;false;false;false;false;false;false;true;false;false
75815;191.92;CARD;F;false;192000;40;false;false;false;false;false;true;false;true;false;false;true
106288;100.92;CHEQUE;F;false;123000;23;false;false;false;true;false;false;false;false;false;false;true
88596;341.08;CASH;F;true;284000;38;false;false;true;false;false;false;false;true;true;false;true
93469;327.65;CHEQUE;M;true;248000;16;true;false;true;true;true;true;false;false;true;true;false
34756;152.7;CARD;F;false;159000;18;false;false;false;false;false;false;false;false;false;false;false
12584;466.32;CARD;F;false;174000;29;true;false;false;false;false;false;true;true;false;false;true
107080;294.06;CARD;F;true;251000;43;false;false;false;true;false;false;false;false;false;false;false
73651;141.3;CASH;M;false;117000;22;true;true;false;false;false;false;false;false;false;false;false
54180;430.37;CASH;M;true;135000;32;false;true;false;true;false;true;true;false;false;false;false
45102;325.51;CASH;M;true;288000;16;true;false;false;false;false;true;false;false;false;true;false
85475;370.03;CARD;M;false;245000;47;true;false;false;false;false;false;false;true;false;false;false
78363;494.13;CARD;M;false;106000;18;true;false;false;true;false;true;true;true;false;false;false
23718;378.61;CHEQUE;M;false;297000;37;false;false;false;true;false;true;false;true;false;true;false
54152;205.95;CARD;M;false;244000;38;false;false;false;false;false;true;true;true;false;false;false
93963;491.92;CARD;M;false;251000;21;false;true;false;false;false;false;false;false;false;false;false
35561;344.23;CASH;M;false;133000;24;false;false;false;false;false;true;false;false;false;false;true
30371;308.87;CARD;F;false;231000;24;true;false;false;false;false;false;false;false;false;false;false
93669;277.03;CHEQUE;F;true;216000;37;false;false;false;true;false;false;false;true;false;false;true
70858;209.46;CASH;M;false;176000;46;true;true;false;true;false;false;false;false;false;true;true
103147;438.62;CARD;M;false;181000;28;false;false;false;true;false;false;false;false;false;false;false
80198;342.67;CARD;F;true;283000;47;false;false;false;false;false;false;true;true;false;false;true
42459;326.44;CARD;F;false;238000;47;false;false;false;false;true;true;false;true;true;false;true
36631;270.51;CASH;M;false;221000;16;false;false;false;false;false;false;false;false;false;false;false
43800;442.83;CARD;F;false;279000;36;false;false;false;true;false;false;true;true;false;false;true
60240;219.87;CASH;M;false;238000;45;false;false;false;false;false;false;false;false;false;false;false
29640;285.95;CASH;F;true;178000;27;false;false;false;true;true;true;false;true;false;false;false
109000;149.64;CASH;F;false;178000;22;false;false;false;true;true;false;false;true;true;false;false
108739;109.73;CASH;M;true;208000;29;true;false;false;false;false;false;false;true;true;false;true
104165;322.96;CARD;M;true;254000;43;false;false;false;false;false;false;false;true;false;false;false
73630;104.5;CARD;F;true;198000;25;false;false;false;true;true;false;false;true;false;false;false
25765;356.81;CHEQUE;F;false;300000;25;false;false;false;false;false;false;false;true;false;false;true
84903;328.05;CARD;F;true;296000;17;true;false;false;false;false;true;false;false;true;true;false
99347;346.65;CARD;F;false;231000;44;false;true;true;true;false;false;false;true;false;false;true
41157;202.33;CASH;F;true;152000;40;true;false;true;false;true;true;false;false;true;false;false
20325;153.56;CARD;M;false;266000;24;false;true;true;false;false;true;false;true;false;false;false
71462;409.97;CARD;F;false;263000;42;false;true;false;false;false;false;false;true;false;false;true
91928;123.63;CARD;F;true;143000;19;true;false;false;false;true;false;false;true;true;true;true
80306;319.96;CASH;F;true;152000;27;false;false;true;false;true;true;true;true;false;false;false
78113;143.91;CASH;F;false;238000;22;true;false;false;true;false;false;false;true;false;false;false
95488;119.75;CARD;F;true;181000;26;true;false;true;false;false;false;false;false;false;false;false
27720;374.58;CARD;F;true;134000;16;true;false;false;false;false;true;false;false;false;true;false
76264;159.9;CHEQUE;M;true;297000;16;true;true;false;false;false;false;false;false;false;true;false
38477;138.16;CASH;M;false;165000;38;false;true;false;false;false;false;false;false;false;false;true
43557;245.05;CASH;F;false;108000;25;true;false;false;false;false;false;false;false;false;false;false
10609;142.38;CHEQUE;F;true;167000;41;true;false;false;false;false;false;false;false;false;true;false
73259;168.79;CARD;F;true;247000;42;true;false;false;false;true;false;false;false;false;false;false
18920;453.68;CASH;M;true;158000;49;false;false;false;true;false;false;false;true;true;false;false
39581;292.52;CASH;F;false;279000;49;false;false;false;false;false;false;false;false;false;false;false
14912;391.55;CHEQUE;M;false;281000;28;false;false;false;true;false;true;true;true;false;false;false
80438;158.34;CARD;M;true;196000;38;false;false;false;false;false;false;false;true;false;false;true
81034;209.51;CHEQUE;M;false;128000;28;false;true;false;true;true;true;true;false;false;false;false
89250;436.04;CASH;F;true;279000;29;false;true;false;false;true;false;false;true;false;false;true
96982;154.96;CARD;M;false;153000;49;true;false;false;true;false;true;true;false;false;false;false
89872;156.82;CARD;F;false;191000;40;false;false;false;false;false;false;true;false;false;false;false
71140;220.94;CARD;M;false;258000;42;false;false;false;false;false;false;true;false;false;false;false
83650;335.58;CASH;F;false;270000;22;false;false;false;false;false;false;false;false;false;true;false
14891;183.91;CASH;F;true;274000;26;false;false;false;true;false;false;false;false;false;false;false
83523;458.03;CASH;M;true;174000;40;false;false;false;false;false;false;false;false;false;false;false
48896;304.36;CASH;F;false;172000;22;false;false;false;false;false;false;false;false;false;false;false
68438;234.24;CASH;F;false;217000;46;true;false;false;false;false;false;false;false;false;false;true
86681;150;CHEQUE;F;true;135000;50;false;false;false;false;false;false;false;false;false;false;false
66267;156.86;CASH;F;true;273000;21;true;true;true;false;false;false;true;true;false;true;true
87975;278.2;CARD;F;true;179000;26;false;false;true;false;false;false;false;false;false;true;false
39970;467.4;CHEQUE;M;false;139000;22;false;false;false;true;false;true;true;false;false;false;false
104111;274.52;CARD;F;false;123000;20;false;false;true;false;false;false;false;false;false;true;true
92209;309.04;CHEQUE;F;false;227000;17;false;true;true;false;true;false;false;false;false;false;false
66711;414.07;CASH;F;true;154000;48;false;false;true;false;false;false;false;false;false;false;false
102215;131.64;CASH;M;false;144000;47;false;false;false;true;false;true;true;false;false;false;false
34750;219.03;CARD;F;true;278000;48;true;false;false;true;true;false;true;false;false;false;false
62060;407.02;CARD;M;false;111000;42;false;false;false;true;false;true;true;false;false;false;false
25524;459.48;CARD;M;true;259000;36;false;false;false;true;true;true;false;false;false;false;false
45992;136.45;CASH;F;false;165000;49;false;false;false;false;false;false;false;false;false;false;false
47341;319.76;CARD;M;true;203000;16;true;false;false;false;false;true;false;false;false;true;true
67799;169.72;CARD;F;true;213000;16;true;false;false;false;false;true;false;false;false;true;true
47136;220.32;CASH;F;true;244000;43;false;false;false;false;false;false;false;false;false;true;false
17375;127.64;CHEQUE;M;false;218000;22;false;false;false;false;true;false;false;false;false;false;false
40789;111.86;CASH;F;true;128000;16;true;false;true;false;false;false;false;false;false;true;true
27673;375.65;CASH;F;false;290000;36;false;false;true;false;false;true;true;true;false;false;true
45375;394.94;CARD;M;true;251000;50;false;false;false;false;true;true;false;false;false;false;false
58341;328.36;CASH;F;false;129000;38;false;false;false;true;true;false;false;false;false;false;false
37523;276.71;CARD;F;true;252000;16;true;true;true;true;false;false;false;true;true;true;false
84042;181.84;CASH;M;true;142000;27;false;true;false;true;true;true;true;false;false;false;false
64561;236.79;CASH;F;false;282000;33;false;false;false;false;true;false;false;false;true;false;false
71078;108.52;CARD;M;false;238000;31;false;false;false;false;false;false;false;false;false;false;false
43044;298.83;CASH;M;false;217000;32;true;true;false;false;false;false;false;false;true;false;false
32369;219.2;CHEQUE;M;false;235000;21;false;false;false;true;false;false;false;false;false;false;true
31552;362.77;CARD;M;false;237000;17;true;false;true;false;false;false;false;false;false;false;true
41805;485.78;CASH;M;true;163000;25;false;false;false;true;false;true;true;false;false;true;true
46686;295.92;CHEQUE;F;true;175000;34;false;false;true;false;false;false;false;false;false;false;false
95896;372.82;CARD;M;false;291000;21;false;false;false;false;false;false;false;true;false;false;false
63829;298.57;CARD;F;true;131000;45;false;false;false;false;false;false;true;false;false;false;true
84180;104.23;CHEQUE;M;false;128000;47;false;false;false;true;false;true;true;false;false;false;false
91972;491.57;CARD;F;true;267000;18;true;false;false;false;false;true;false;true;false;true;true
40542;442.28;CARD;F;true;163000;42;false;false;false;false;false;false;false;false;false;false;false
44452;126.09;CARD;F;true;119000;30;true;false;false;false;true;false;true;false;false;false;false
87151;441.18;CHEQUE;F;true;214000;30;false;false;true;false;true;true;false;true;false;true;true
23501;102.25;CASH;M;false;230000;49;false;false;false;false;false;false;false;true;true;true;true
25387;114.15;CARD;F;false;149000;36;false;false;false;false;false;false;false;false;false;false;false
96584;173.35;CASH;M;false;266000;39;true;false;false;false;false;false;false;false;true;false;false
15306;223.24;CASH;M;true;165000;41;false;false;false;true;true;true;true;false;false;false;false
93920;225.39;CARD;M;false;161000;18;false;true;false;true;false;true;true;true;false;false;false
103316;293.12;CASH;M;false;179000;46;false;true;false;false;false;false;false;false;false;false;true
17110;127.21;CASH;M;false;147000;45;false;false;false;true;true;true;true;false;false;false;false
71652;340.68;CARD;M;false;133000;29;false;false;true;true;false;true;true;false;false;false;false
67211;168.53;CARD;F;true;236000;43;false;false;false;false;false;false;false;false;false;false;false
88886;189.32;CARD;M;false;153000;25;false;false;false;true;false;false;false;false;false;false;false
29224;409.48;CARD;F;true;249000;16;true;false;false;false;true;false;true;true;false;true;true
46005;308.59;CARD;M;true;262000;32;false;false;false;false;false;false;false;false;false;false;false
43111;434.37;CASH;F;false;114000;27;false;false;true;true;false;false;false;false;true;false;false
18126;347.13;CARD;F;true;142000;19;true;false;false;true;false;false;false;true;true;true;false
87101;230.97;CHEQUE;M;true;150000;23;true;false;false;false;true;true;false;false;false;true;true
102934;377.35;CHEQUE;F;true;294000;45;true;false;false;false;false;false;false;true;false;false;true
100328;304.09;CHEQUE;M;false;107000;36;false;true;false;true;false;true;true;false;false;true;false
94108;213.63;CASH;M;true;185000;42;false;false;true;false;false;false;false;true;true;false;false
47913;490.67;CHEQUE;F;true;289000;25;false;false;true;false;false;false;false;true;false;false;true
17809;396.01;CARD;M;false;271000;20;false;false;false;false;false;false;false;false;false;false;true
45019;472.34;CARD;M;true;198000;48;false;true;false;false;false;false;false;false;false;false;false
55552;416.46;CARD;M;false;198000;50;true;false;false;false;false;false;false;false;false;true;false
92883;188.2;CARD;F;true;245000;27;true;false;false;false;false;false;false;false;false;false;false
89649;269.62;CHEQUE;F;true;282000;24;true;false;false;false;false;false;false;false;false;true;true
38063;360.74;CASH;F;true;294000;16;true;false;false;false;false;false;false;true;false;true;true
11230;462.79;CASH;M;true;244000;42;false;false;true;false;false;false;false;false;false;true;true
89302;204.88;CARD;F;false;120000;39;false;false;false;false;false;false;false;false;false;true;false
35707;165.34;CASH;M;true;253000;42;false;false;false;false;false;false;false;false;true;true;false
90264;104.97;CARD;M;true;243000;18;true;false;false;false;false;false;false;false;false;true;false
79875;100.84;CHEQUE;F;true;198000;39;false;true;false;false;false;false;false;false;false;false;false
74463;167.07;CARD;F;false;254000;36;false;false;false;true;false;true;false;false;true;false;false
56258;215.8;CARD;F;true;145000;48;true;false;false;false;false;false;false;true;true;false;false
81836;329.52;CHEQUE;M;true;118000;48;false;false;false;false;false;true;false;false;true;true;false
95026;134.22;CASH;F;false;134000;29;false;false;true;false;false;false;false;false;false;true;true
87482;401.01;CARD;F;false;142000;38;true;false;false;false;true;true;false;true;false;false;false
20556;204.1;CARD;M;true;139000;18;true;false;false;false;false;false;true;false;false;true;false
68058;498.86;CASH;F;true;290000;22;true;false;true;false;false;false;false;true;false;true;true
23845;124.22;CARD;F;false;154000;47;false;false;true;false;false;false;true;false;false;false;false
39952;353.36;CARD;M;true;159000;37;false;false;false;true;false;true;true;false;true;false;false
33172;310.65;CARD;M;false;197000;48;false;true;false;false;false;false;false;false;false;false;true
71254;171.83;CHEQUE;F;false;294000;45;false;true;false;false;false;true;false;false;false;false;false
36190;284.13;CHEQUE;M;false;155000;18;false;false;false;true;false;true;true;false;true;false;false
15099;112.73;CARD;M;true;157000;16;true;false;false;true;false;true;true;false;false;true;false
100256;119.09;CHEQUE;M;true;128000;33;false;false;false;true;false;true;true;true;false;false;false
51384;148.69;CASH;F;true;112000;47;false;false;false;false;false;false;false;false;false;true;false
54190;364.73;CASH;F;false;193000;24;false;false;false;false;false;false;false;false;false;false;false
84756;291.98;CARD;M;false;283000;32;false;false;false;false;false;false;false;false;false;true;true
28755;439.94;CHEQUE;F;false;110000;25;false;false;false;false;false;false;false;false;false;true;true
73480;139.75;CHEQUE;M;true;135000;41;false;false;false;true;false;true;true;false;false;false;true
86217;195.37;CARD;M;false;143000;43;false;false;false;true;false;true;true;false;false;false;false
91055;247.81;CARD;F;false;152000;23;false;false;true;false;false;false;false;false;true;false;false
80297;372.74;CHEQUE;F;true;195000;21;true;false;false;false;false;false;false;false;false;true;false
42381;460.62;CASH;M;true;131000;31;false;false;false;true;true;true;true;true;false;true;false
80954;139.72;CASH;M;true;148000;45;false;false;true;true;false;true;true;false;false;false;false
106531;116.57;CASH;M;true;245000;19;true;false;false;false;false;true;false;false;false;true;false
78030;346.46;CARD;F;true;221000;38;false;false;false;false;true;false;false;true;false;false;true
103139;187.96;CASH;F;false;244000;20;false;true;false;true;false;false;false;true;false;false;false
17939;158.75;CASH;F;true;169000;46;false;false;false;false;false;true;false;false;false;false;false
42056;448.52;CARD;F;false;139000;30;false;false;false;false;false;false;false;true;false;true;false
23419;156.2;CASH;F;true;210000;24;false;false;false;true;true;false;false;true;true;false;false
48783;246.1;CARD;M;true;165000;50;true;false;false;true;false;true;true;false;false;false;false
98204;184.42;CHEQUE;M;false;127000;18;false;false;true;true;false;true;true;false;false;false;false
67063;400.14;CARD;F;false;233000;46;false;true;false;false;false;false;false;true;true;true;true
77335;478.12;CASH;F;true;298000;40;false;false;false;false;false;false;false;true;true;false;true
32594;209.05;CARD;F;false;262000;16;false;false;false;false;false;false;false;false;false;false;false
24493;208.67;CARD;M;false;286000;45;true;true;false;false;false;false;false;false;false;true;false
72248;108.36;CASH;M;false;174000;28;false;false;false;false;false;false;false;false;false;false;false
79039;124.45;CARD;M;true;254000;46;false;false;true;false;false;false;false;false;false;false;false
58803;112.92;CHEQUE;M;true;135000;39;false;true;false;true;false;true;true;false;false;false;true
87066;108.64;CARD;M;false;254000;23;false;false;true;false;false;false;false;false;false;true;false
60159;432.17;CARD;M;true;116000;47;false;false;false;true;false;true;true;false;false;false;false
15629;170.04;CASH;F;false;277000;37;false;false;false;false;false;true;false;false;false;true;false
38608;427.33;CARD;M;false;244000;21;false;true;false;false;false;false;true;false;false;false;false
18143;435.88;CASH;F;false;159000;36;true;false;false;false;true;true;false;false;false;false;false
22316;297.57;CASH;F;false;180000;20;false;false;false;true;true;false;false;true;true;false;false
40743;253.73;CARD;M;false;192000;24;false;false;true;false;false;false;false;false;false;false;false
79305;186.38;CHEQUE;F;true;222000;31;false;false;false;false;true;false;false;true;false;false;false
83439;334.97;CARD;F;false;243000;43;false;false;false;false;true;false;false;true;false;true;true
16342;463.81;CARD;M;true;227000;29;false;false;false;false;false;false;false;false;false;false;false
75971;160.29;CARD;M;false;198000;44;true;false;true;false;false;false;false;false;false;false;false
31046;165.84;CASH;F;false;197000;25;true;false;false;true;true;true;true;false;false;true;false
13722;362.16;CARD;M;true;181000;19;true;true;true;false;false;false;true;false;false;true;false
93467;116.81;CARD;F;true;252000;27;false;false;false;false;false;false;false;false;false;false;false
40208;231.67;CASH;F;true;289000;40;true;true;false;false;true;true;false;false;false;false;false
41132;184.41;CHEQUE;F;true;199000;42;false;false;false;true;false;false;false;false;false;false;true
64596;421.33;CASH;M;false;245000;28;false;true;true;false;false;false;true;false;false;true;false
46539;383.99;CHEQUE;M;true;204000;23;true;false;true;false;true;false;false;false;false;true;false
40690;286.2;CASH;M;true;248000;45;false;false;false;true;false;true;false;false;true;false;false
51916;247.42;CASH;F;true;140000;23;false;false;true;false;true;false;true;false;true;false;false
21814;223.74;CARD;M;true;122000;23;false;false;false;true;true;true;true;false;false;false;false
31011;395.62;CARD;M;true;271000;16;true;false;false;true;false;true;true;true;false;true;false
24210;304.33;CARD;F;false;183000;50;false;false;false;true;false;true;false;false;false;false;false
10902;267.18;CARD;M;true;253000;47;true;false;false;false;false;false;false;true;false;false;false
106649;258.12;CARD;F;true;137000;22;true;false;false;false;false;false;true;false;false;true;false
31033;415.65;CARD;M;true;178000;47;false;false;true;false;false;false;false;true;false;false;true
68006;114.93;CARD;M;false;278000;19;false;true;false;false;false;false;false;false;false;false;false
47638;256.66;CASH;M;false;102000;41;false;false;false;true;false;true;true;false;false;false;false
18953;242.56;CARD;F;true;110000;17;true;false;false;false;true;false;false;false;false;true;true
21347;430.07;CHEQUE;F;false;159000;24;false;false;false;false;true;true;false;false;false;false;true
38600;474.76;CARD;M;true;225000;48;false;false;false;false;false;false;false;true;false;false;true
104830;214.26;CASH;F;true;134000;28;false;true;false;false;false;false;false;false;false;true;false
56452;208.23;CHEQUE;M;true;257000;48;true;true;false;false;true;false;false;false;false;false;true
18030;129.94;CARD;F;false;284000;29;true;false;false;false;true;false;false;false;false;false;false
72901;239.79;CHEQUE;F;true;132000;39;false;false;false;false;false;false;true;false;false;false;false
104554;190.62;CASH;M;true;109000;21;true;false;false;true;false;true;true;false;false;true;false
93162;468.41;CARD;M;true;205000;25;false;false;false;false;false;false;false;false;true;true;true
54313;306.54;CASH;M;true;276000;22;true;false;false;false;false;false;false;false;true;true;true
89485;183.22;CASH;M;false;253000;28;false;false;false;false;true;true;false;false;false;false;false
61309;225.49;CHEQUE;M;false;181000;44;false;false;false;false;true;false;false;true;false;false;false
73441;213.57;CARD;F;true;128000;20;true;false;false;false;true;false;false;false;false;true;false
10717;472.7;CARD;M;true;189000;23;true;true;false;false;false;false;false;false;false;true;false
27694;248.95;CARD;M;false;147000;41;false;false;true;true;true;true;true;false;true;false;false
69380;340.37;CHEQUE;F;true;216000;40;false;false;false;false;false;false;false;true;false;false;true
26885;331.86;CASH;M;false;132000;28;false;false;true;true;false;true;true;false;false;false;false
90730;295;CASH;M;true;146000;36;false;false;false;true;false;true;true;false;true;false;false
69110;118.48;CASH;M;true;148000;16;true;false;false;true;true;true;true;true;false;true;true
86612;297.83;CARD;M;false;249000;27;false;true;false;false;false;false;false;false;false;false;false
93353;368.04;CARD;F;true;225000;40;false;false;true;true;true;false;false;true;false;false;true
25311;475.45;CARD;M;false;294000;24;true;true;false;false;false;false;false;true;false;false;false
81487;200.76;CHEQUE;M;true;185000;25;false;false;true;false;false;true;true;false;false;false;false
18331;478.98;CARD;F;false;274000;20;true;false;false;false;false;true;false;true;false;false;true
84148;491.79;CHEQUE;F;true;209000;22;true;false;false;false;false;false;true;true;false;true;true
83500;492.5;CARD;M;false;283000;21;false;false;false;true;true;false;false;false;false;true;true
29316;345.2;CARD;M;true;108000;39;false;false;false;true;false;true;true;false;true;false;false
82173;157.51;CASH;F;true;278000;22;true;false;false;false;true;false;true;false;false;true;false
62264;433.34;CARD;M;false;182000;26;false;false;false;false;false;false;false;false;false;false;true
14875;185.15;CHEQUE;M;false;297000;36;false;true;false;false;false;false;true;true;false;false;false
73594;130.88;CHEQUE;F;true;121000;41;false;false;true;false;false;false;false;false;false;false;false
79384;224.56;CARD;F;true;126000;45;false;false;false;false;false;false;false;false;false;true;false
63138;169.6;CHEQUE;M;true;171000;22;true;false;false;false;false;true;false;false;false;true;false
58144;288.3;CARD;F;true;291000;38;false;false;false;false;true;true;false;false;false;false;false
103446;253.56;CARD;M;false;171000;23;false;false;true;false;true;false;false;false;false;false;false
28994;112.16;CASH;F;true;185000;18;true;false;false;false;true;false;false;false;false;true;false
72298;410.62;CASH;M;false;176000;25;false;false;false;false;false;false;true;false;false;false;false
69884;189.1;CASH;M;false;218000;30;false;false;false;false;false;false;false;false;true;false;true
68119;151.8;CHEQUE;F;false;129000;25;false;false;false;false;true;false;false;false;true;false;true
14692;408.87;CARD;F;false;144000;19;false;false;false;true;false;false;false;true;false;false;false
52530;280.82;CASH;F;true;184000;35;false;false;false;false;false;false;false;false;true;false;false
28803;419;CHEQUE;M;false;132000;38;false;false;false;true;false;true;true;false;false;true;false
86983;433.44;CARD;F;true;202000;17;true;true;false;false;true;false;false;true;false;true;true
72454;441.26;CASH;F;false;259000;27;false;false;false;false;false;false;true;true;false;false;true
50551;276.47;CARD;F;true;135000;27;true;false;true;true;false;true;false;false;true;false;false
92868;483.54;CHEQUE;M;true;250000;40;false;false;false;true;false;true;false;true;false;false;false
20991;375.07;CARD;M;false;105000;25;false;false;false;true;false;true;true;false;false;false;false
98352;460.62;CARD;F;true;133000;36;false;false;false;false;true;true;false;false;false;true;false
30239;423.71;CARD;M;false;161000;17;true;false;true;false;false;false;false;false;true;false;false
15882;207.03;CASH;M;false;147000;20;false;false;false;true;false;true;true;false;false;false;false
30989;259.13;CARD;F;true;199000;50;false;false;false;false;false;false;false;false;false;false;true
107499;123.96;CASH;F;false;248000;28;false;false;false;false;false;false;false;true;true;false;false
70336;453.32;CASH;F;false;122000;20;true;false;true;false;false;false;false;false;false;false;false
47598;429.42;CARD;F;false;239000;40;true;false;false;false;false;false;true;true;false;false;true
17590;301.2;CARD;M;false;172000;49;false;false;false;false;false;false;false;false;false;false;false
20260;131.24;CHEQUE;M;false;213000;21;false;false;false;true;false;false;false;false;false;false;true
50531;374;CARD;F;false;107000;36;true;true;true;false;false;false;false;false;false;false;false
42653;140.5;CARD;M;false;253000;49;false;false;false;false;false;false;false;false;true;false;false
94685;317.56;CARD;M;false;256000;29;false;true;true;false;false;false;false;false;false;false;false
11818;319.05;CARD;F;false;292000;48;false;true;false;false;false;false;false;false;false;false;false
25668;219.57;CHEQUE;F;false;135000;19;false;false;false;false;false;false;false;true;false;false;true
53959;408.68;CASH;F;false;168000;27;false;true;true;false;false;false;true;false;true;false;true
55992;172.85;CASH;M;false;257000;30;false;false;false;false;true;false;false;false;true;true;false
85081;382.58;CARD;F;false;209000;29;true;false;false;false;false;false;true;true;false;false;true
104800;132.57;CARD;M;true;268000;29;false;false;false;false;false;false;true;false;false;false;false
92125;157.94;CARD;F;true;228000;17;false;false;false;true;false;false;false;false;false;false;false
107314;429.34;CASH;M;true;159000;26;false;false;false;true;false;true;true;true;false;false;false
29192;212.65;CASH;M;true;215000;29;false;true;false;false;false;false;false;false;false;false;true
90933;262.11;CARD;M;false;299000;31;false;false;false;false;false;false;false;false;false;false;false
48749;184.71;CARD;F;false;211000;30;false;false;false;false;false;false;false;false;false;true;false
49658;172.07;CARD;M;false;176000;40;false;true;false;true;false;false;false;false;true;false;true
20521;463;CASH;M;true;282000;44;true;false;false;true;false;false;false;true;false;false;false
75663;208.37;CARD;F;false;234000;29;false;true;false;false;true;false;false;false;false;false;false
65425;230.24;CARD;F;false;143000;25;false;false;true;false;false;false;true;false;false;false;false
67133;366.91;CHEQUE;M;true;118000;39;false;false;false;true;false;true;false;true;false;false;true
62455;352.52;CARD;F;false;168000;43;false;false;false;false;false;false;false;false;false;true;false
100255;226.79;CHEQUE;M;true;231000;30;false;false;false;false;false;false;false;true;false;false;false
15590;440.7;CASH;M;true;208000;41;true;false;false;true;false;false;false;false;false;true;false
46278;340.07;CARD;M;true;234000;40;true;true;false;true;false;false;true;false;false;false;false
12582;256.01;CASH;M;true;196000;23;true;true;false;false;false;false;true;true;false;true;false
38723;171.59;CHEQUE;F;true;284000;16;true;false;false;false;false;false;true;false;true;true;false
47251;464.06;CARD;F;false;291000;43;true;true;false;true;false;false;false;true;true;true;true
109798;151.33;CASH;M;false;173000;33;false;false;false;false;false;true;false;false;false;false;false
59349;284.93;CARD;M;false;162000;18;true;false;false;true;false;true;true;false;true;false;false
17830;280.19;CARD;F;true;151000;47;true;false;false;false;true;false;true;false;false;true;false
69401;367.54;CASH;F;true;227000;25;true;false;false;false;true;false;false;true;false;false;true
103708;260.61;CASH;F;false;280000;29;false;false;false;false;false;false;false;true;false;true;false
27664;356.36;CASH;F;false;195000;26;true;false;true;false;true;true;false;false;true;true;false
102206;276.68;CARD;F;true;217000;41;true;false;false;true;false;false;false;false;false;false;false
51732;410.69;CASH;M;false;153000;33;false;true;false;true;false;true;true;false;false;false;false
28630;304.98;CHEQUE;F;true;151000;39;false;false;false;false;true;false;false;false;false;true;false
36857;461.32;CASH;M;false;191000;49;false;true;false;false;false;false;false;false;false;false;false
82419;197.25;CHEQUE;F;false;262000;31;false;true;false;true;false;false;true;false;false;false;false
103385;228.29;CASH;M;true;125000;16;true;true;false;true;false;true;true;false;false;true;false
87793;468.84;CASH;F;true;217000;40;false;false;false;false;false;true;false;true;false;true;true
94341;224.62;CARD;M;true;163000;17;false;false;false;true;false;true;true;true;false;false;false
19078;388.52;CASH;M;false;203000;28;true;false;false;false;false;false;false;false;false;false;true
109376;431.1;CASH;M;false;164000;21;false;false;false;false;false;false;false;true;false;false;false
58235;481.14;CASH;F;true;234000;45;false;false;false;true;false;false;false;true;false;false;true
33233;247.74;CARD;M;false;272000;28;false;true;false;false;false;false;false;true;false;false;false
83883;230.34;CARD;F;false;178000;47;false;false;false;false;false;false;false;true;false;false;true
69718;433.97;CARD;F;false;294000;29;false;false;false;false;false;false;false;true;true;false;true
105829;270.83;CHEQUE;F;false;109000;23;false;true;false;false;false;true;false;false;false;false;false
39221;353.1;CARD;M;true;231000;43;false;true;false;false;true;false;false;false;false;false;false
98809;455.9;CARD;F;true;207000;19;true;false;false;false;false;true;true;true;false;true;true
14759;148.67;CARD;M;false;266000;24;false;false;true;true;false;false;false;false;true;false;false
40659;274.8;CARD;M;false;150000;39;false;false;false;true;false;true;true;false;false;false;false
95915;173.13;CASH;M;true;118000;35;false;false;false;true;true;true;true;false;false;false;false
47421;287.4;CASH;M;false;174000;49;false;false;false;false;false;false;false;false;false;false;false
105601;407.65;CARD;M;false;161000;42;false;false;false;true;true;true;true;false;false;false;false
89209;241.62;CHEQUE;M;false;254000;19;false;false;false;false;false;false;false;true;false;false;false
69754;440.79;CASH;M;false;259000;24;false;false;true;false;false;false;false;false;true;false;false
17133;213.28;CARD;M;false;217000;22;true;false;false;false;false;true;false;true;true;false;false
11119;294.2;CHEQUE;F;false;120000;27;false;false;false;false;false;false;false;false;true;true;true
57615;467.91;CARD;M;false;197000;41;true;false;false;false;true;false;false;false;false;false;true
61270;319.03;CARD;M;true;285000;49;false;false;false;false;false;false;false;true;false;false;false
11220;236.32;CARD;M;false;114000;27;false;false;false;true;false;true;true;false;false;false;true
47645;356.41;CASH;F;true;130000;35;false;false;false;false;false;false;false;false;false;false;false
32444;242.58;CASH;F;true;282000;17;true;false;true;false;false;false;false;false;false;true;false
93037;191.76;CASH;F;true;295000;41;false;false;false;true;false;false;false;true;false;true;false
34809;327.94;CASH;F;true;113000;38;false;false;false;false;true;false;false;false;false;false;false
57582;246.69;CASH;M;false;299000;39;false;false;true;false;true;false;false;false;false;false;false
59184;124.8;CASH;F;true;149000;36;false;true;false;false;false;false;false;false;false;false;false
27682;182.96;CHEQUE;F;false;155000;47;false;false;false;false;false;false;true;false;false;true;true
56851;216.4;CARD;M;true;134000;29;false;false;false;true;false;true;true;false;false;false;false
12312;192.17;CARD;F;false;256000;34;false;true;false;false;false;true;false;false;true;false;false
53953;269.72;CARD;F;true;111000;48;true;true;false;false;false;false;false;false;true;false;false
81616;438.68;CARD;F;false;127000;21;true;false;false;true;true;false;false;false;false;false;true
37366;432.52;CASH;M;true;188000;19;true;false;true;false;true;false;false;false;false;true;false
97512;174.56;CHEQUE;F;true;128000;32;false;true;false;false;false;false;false;false;true;false;false
49769;200.58;CARD;M;false;263000;19;false;true;false;false;false;false;false;false;false;false;false
47307;298.81;CARD;F;true;114000;45;false;false;false;false;false;false;false;false;false;false;false
25180;115.29;CHEQUE;M;false;290000;38;false;false;false;false;false;false;false;false;false;false;false
98023;263.64;CARD;F;false;202000;20;false;false;false;false;false;true;false;false;false;true;false
32669;498.04;CASH;M;false;156000;46;true;false;false;false;false;true;false;false;false;false;false
61255;495.66;CASH;F;true;283000;31;false;false;true;false;false;false;false;true;true;false;true
101414;268.28;CARD;F;true;190000;38;false;false;false;false;false;false;false;true;false;false;false
24686;382.77;CARD;F;true;278000;28;false;false;true;false;false;false;true;true;false;true;true
37114;480.39;CASH;M;true;162000;37;false;false;false;true;false;true;true;false;false;true;true
94790;397.01;CARD;M;true;198000;31;false;false;false;false;true;false;false;false;false;true;false
105007;446.82;CARD;F;true;283000;45;false;false;true;false;false;false;false;true;false;false;true
38645;472.09;CASH;F;false;219000;20;true;false;false;false;true;false;true;true;false;true;true
37567;417.77;CARD;M;true;264000;46;false;true;true;false;false;true;false;false;false;false;false
62993;360.89;CARD;F;false;278000;45;false;false;true;false;false;false;false;false;false;false;false
12547;323.07;CARD;M;false;168000;35;false;false;false;true;true;true;true;false;false;false;false
106654;479.56;CHEQUE;M;false;190000;44;false;false;false;false;false;true;false;false;true;false;false
59389;395.68;CARD;F;true;145000;29;false;false;false;true;false;false;false;false;false;false;false
104327;262.23;CHEQUE;F;true;280000;45;false;false;false;true;false;false;false;true;false;false;false
87250;390.22;CARD;F;false;117000;43;false;true;false;false;false;false;false;false;false;false;false
27371;387.43;CHEQUE;F;true;264000;25;false;false;false;false;false;true;false;false;false;true;false
91545;123.51;CARD;M;false;228000;45;false;false;true;false;false;false;false;false;false;false;false
71276;363.38;CARD;F;true;103000;45;false;false;false;true;false;true;true;false;false;false;false
109551;406.11;CASH;M;false;235000;35;false;false;false;false;false;false;true;true;false;false;false
50961;240.28;CASH;F;false;166000;16;false;false;false;false;false;false;true;false;false;false;false
72979;213.6;CHEQUE;M;false;232000;18;false;false;false;false;false;true;false;false;true;false;true
50104;256.03;CASH;M;true;138000;23;true;false;false;false;false;false;true;false;false;true;false
13893;248.04;CARD;F;false;172000;19;false;true;false;true;true;true;false;false;false;true;false
12800;257.38;CARD;F;false;230000;49;true;false;false;false;false;false;false;false;false;false;false
89460;334.19;CASH;M;false;153000;16;true;false;false;true;false;true;true;false;false;false;true
63779;459.01;CHEQUE;F;true;113000;48;false;false;false;false;false;false;false;false;true;false;false
29483;291.14;CHEQUE;M;false;254000;16;true;false;false;false;false;false;false;false;false;false;false
83127;412.9;CHEQUE;M;true;211000;21;true;false;false;false;false;false;false;false;false;true;false
96371;402.23;CASH;M;false;211000;37;false;false;true;false;false;false;false;false;false;false;false
66886;106.84;CASH;M;false;251000;41;true;false;true;false;true;false;false;false;false;false;false
66940;439.61;CARD;F;true;221000;35;false;false;false;false;false;false;false;true;true;true;true
36191;464.27;CHEQUE;F;true;114000;24;true;false;true;false;false;true;true;false;false;true;false
29625;183.86;CASH;M;false;203000;43;false;false;false;false;false;false;false;false;false;false;false
93393;354.56;CASH;M;true;271000;37;true;true;false;false;false;false;true;false;false;false;false
60890;446.31;CARD;M;true;158000;28;false;true;false;true;false;true;true;false;true;true;true
18464;209.38;CARD;M;false;243000;22;false;false;false;true;false;false;false;false;false;false;false
75130;391.49;CHEQUE;F;false;105000;33;true;false;false;false;false;false;true;false;false;false;false
64281;177.18;CARD;M;true;110000;47;true;false;true;true;false;true;true;true;false;true;false
84937;248.07;CHEQUE;F;true;255000;43;true;false;false;false;false;false;true;false;false;false;false
58388;187.7;CHEQUE;M;true;238000;39;false;false;false;false;true;false;true;false;true;false;false
106314;241.03;CASH;F;true;108000;37;false;false;false;true;true;false;false;false;false;false;false
34529;431.95;CARD;F;true;198000;18;true;false;false;false;true;false;false;false;false;true;true
56220;126.15;CARD;F;false;125000;28;false;true;false;false;true;false;false;false;false;false;false
49085;261.93;CARD;M;true;294000;25;false;false;false;false;false;false;false;true;false;true;true
84497;382.91;CARD;F;false;230000;31;false;false;false;false;true;false;false;true;false;false;true
90165;108.55;CHEQUE;F;false;107000;24;false;false;false;true;false;false;false;false;false;false;false
98626;275.05;CHEQUE;F;false;248000;42;false;false;true;true;false;false;false;false;false;true;true
96289;161.35;CARD;M;true;139000;47;true;false;false;true;false;true;true;false;false;false;false
78598;486.57;CASH;M;true;281000;30;false;false;false;false;false;false;false;true;false;false;true
37571;180.64;CASH;M;true;207000;38;false;true;false;true;false;false;false;true;true;false;false
42689;122.03;CARD;F;true;200000;40;true;false;false;false;false;false;false;false;false;false;true
102421;192.27;CASH;M;false;147000;25;false;false;false;false;true;false;false;false;true;true;false
75792;312.01;CASH;M;true;270000;50;false;false;false;false;false;false;false;true;false;false;false
71604;181.72;CARD;M;false;256000;49;false;false;true;false;false;false;true;false;false;true;false
102348;149.2;CARD;M;false;243000;36;false;false;false;false;false;false;false;false;false;false;false
28233;408.1;CASH;F;false;299000;50;true;false;false;false;false;false;true;true;false;true;true
72902;465.44;CASH;F;false;253000;16;false;false;true;false;false;false;false;true;true;false;true
102703;400.43;CARD;M;false;300000;32;true;true;false;false;true;false;false;false;true;false;false
50645;316.98;CHEQUE;F;false;300000;45;false;true;false;false;false;true;false;false;false;false;false
40282;335.2;CASH;F;false;205000;42;false;false;true;false;false;true;false;true;false;false;true
94015;481.99;CHEQUE;F;true;205000;24;true;false;false;false;false;false;false;true;false;true;true
98696;311.95;CASH;M;false;138000;39;false;false;false;false;false;false;false;true;false;false;true
43401;294.4;CASH;M;true;116000;24;true;false;false;true;false;true;true;false;false;true;false
106585;236.47;CASH;M;true;210000;50;false;false;false;true;true;false;true;false;false;false;false
106792;374.77;CASH;M;true;188000;45;false;false;false;false;false;false;false;false;false;false;false
34702;263.76;CARD;M;false;291000;25;true;false;false;false;false;false;false;false;false;true;false
19999;171.6;CARD;F;true;236000;44;true;false;false;true;false;true;false;false;false;true;false
76145;275.54;CARD;F;true;298000;27;false;true;false;false;true;false;false;false;false;false;false
84033;434.2;CASH;F;false;166000;31;false;true;false;true;false;false;false;true;false;false;false
50142;177.87;CARD;M;false;245000;23;false;false;false;false;false;false;false;true;false;false;false
96474;445.13;CHEQUE;F;false;249000;40;false;false;false;false;false;false;false;false;false;false;false
101699;151.18;CARD;M;false;278000;35;false;false;true;false;true;true;false;false;false;false;false
23380;364.9;CHEQUE;M;true;232000;43;false;false;false;false;false;false;false;false;false;true;false
63368;424.06;CARD;M;true;130000;38;true;false;false;true;false;true;true;false;false;false;false
32392;161.58;CARD;M;true;276000;22;true;false;false;false;false;false;false;false;false;true;false
79577;412.51;CARD;F;false;226000;38;false;true;false;false;false;false;false;true;false;false;false
30558;165.85;CARD;F;false;238000;34;false;false;false;false;false;false;false;false;false;true;false
103166;255.92;CASH;F;true;259000;33;false;true;true;false;false;false;false;true;false;false;false
64053;311.79;CHEQUE;F;true;272000;36;false;false;false;false;false;false;false;true;false;false;false
28081;261.12;CARD;M;true;154000;16;true;true;false;false;true;false;true;false;false;true;true
106044;361.33;CARD;M;true;145000;29;true;false;false;true;false;true;true;true;false;true;false
11241;338.9;CHEQUE;M;true;135000;22;true;true;false;true;false;true;true;false;false;true;false
11966;221.87;CARD;M;true;104000;16;true;false;true;false;false;false;false;false;false;true;true
15835;243.64;CASH;F;false;171000;41;false;false;false;false;false;false;false;false;false;true;false
107714;221.96;CARD;F;false;202000;21;true;true;true;false;true;false;false;false;true;false;false
29095;467.09;CHEQUE;M;true;159000;42;false;false;false;true;false;true;true;true;false;false;false
98635;339.48;CASH;F;false;267000;22;false;true;false;false;false;false;false;true;false;false;true
20849;449.82;CASH;F;true;300000;30;false;false;true;true;false;false;false;true;true;true;true
87703;277.08;CASH;M;true;272000;20;true;false;false;false;true;false;false;false;false;true;true
54981;492.2;CASH;M;false;248000;17;false;false;false;true;true;false;false;true;false;false;false
51818;166.52;CARD;M;true;263000;34;true;false;false;false;false;false;false;false;false;false;false
15650;487.55;CARD;M;false;223000;28;false;false;false;false;false;false;false;false;false;true;false
56097;467.18;CASH;F;false;234000;25;false;false;false;false;false;false;false;true;false;false;true
54172;104.02;CHEQUE;F;false;198000;46;false;true;false;false;false;false;true;false;false;true;false
103749;347.5;CARD;F;false;210000;21;false;false;true;false;false;false;false;false;false;true;false
98409;326;CASH;F;true;249000;35;false;false;false;false;false;false;false;true;false;false;true
57762;267.96;CASH;M;false;207000;36;true;false;false;false;true;false;false;false;false;false;false
82901;398.34;CASH;F;true;226000;33;false;false;false;false;false;false;false;true;false;false;true
88972;318.54;CASH;M;true;192000;22;true;false;false;false;false;false;false;true;false;true;false
73383;139.75;CARD;M;true;180000;31;false;false;false;false;true;false;false;false;false;false;false
42163;449.98;CASH;M;true;293000;29;true;false;false;false;false;false;false;false;false;false;false
41841;182.81;CASH;M;true;215000;40;true;true;true;true;false;false;false;false;true;false;true
39077;205.74;CARD;M;true;282000;34;false;true;false;false;true;false;false;false;false;false;false
70014;174.93;CARD;M;true;287000;25;false;false;false;true;false;false;false;true;false;false;false
78428;123.79;CARD;F;false;139000;38;false;false;false;false;false;true;false;false;true;false;false
23784;257.55;CASH;F;false;185000;20;false;false;true;false;false;false;false;false;false;false;false
26291;140.89;CARD;F;false;171000;49;false;true;false;false;false;false;false;true;true;false;false
88549;375.92;CARD;M;true;226000;20;true;false;false;false;false;true;false;false;true;true;false
90911;305.2;CASH;F;true;171000;16;true;true;false;false;false;true;false;false;false;false;false
17470;190.75;CASH;F;true;269000;42;false;false;false;false;false;true;true;false;false;true;true
94531;327.65;CASH;M;false;278000;41;false;true;false;false;true;true;false;false;false;false;false
90462;100.72;CASH;M;true;103000;36;false;true;false;true;false;true;true;true;false;false;false
108003;125.1;CARD;F;true;294000;34;false;false;false;true;false;false;false;true;false;true;false
87953;162.09;CARD;M;false;225000;22;false;false;false;false;true;true;false;false;false;true;false
36863;394.7;CARD;F;false;255000;34;false;false;true;false;false;false;false;true;false;false;true
28138;409.45;CASH;F;false;122000;32;false;false;false;false;false;false;false;false;false;true;false
69965;387.87;CARD;M;true;223000;21;true;false;true;false;false;false;true;false;false;true;false
100047;241.95;CHEQUE;F;true;270000;23;true;false;false;true;false;false;false;false;false;true;false
13325;412.8;CARD;F;true;205000;48;false;false;false;false;false;false;false;true;false;true;true
17747;338.6;CARD;M;false;199000;37;false;false;false;false;false;false;false;false;false;true;false
61618;344.74;CHEQUE;F;false;156000;49;false;false;false;true;false;false;false;false;false;false;true
97148;493.47;CARD;F;true;235000;34;false;false;false;true;false;false;true;true;true;false;true
28977;372.65;CARD;M;true;113000;33;false;true;false;true;true;true;true;false;true;false;false
37784;490.63;CARD;M;false;174000;41;false;false;false;false;true;false;false;false;false;false;false
29107;323.86;CASH;F;true;155000;21;false;false;false;false;true;true;false;false;false;false;false
63979;391;CARD;M;false;204000;17;false;false;false;false;true;false;true;false;true;false;false
106290;330.48;CHEQUE;M;false;170000;35;false;false;true;false;false;false;false;false;false;false;false
90562;290.08;CASH;M;false;243000;24;false;false;false;true;true;false;false;false;false;true;false
99457;382;CARD;F;true;117000;16;true;true;false;true;false;false;false;false;false;true;false
25097;200.1;CASH;M;true;219000;40;false;false;false;true;true;true;false;false;true;false;false
70359;351.13;CHEQUE;F;false;144000;46;true;false;false;false;false;false;false;false;false;true;false
87450;482.05;CARD;F;false;179000;38;false;false;false;false;false;true;false;false;false;true;false
23682;297.18;CHEQUE;M;false;168000;48;false;false;false;true;false;true;true;true;false;false;false
66551;438.67;CASH;M;true;220000;30;false;false;true;false;false;false;false;false;false;true;false
49225;138.21;CARD;F;false;163000;43;false;false;false;false;false;false;false;false;false;false;false
13518;163.79;CARD;F;false;254000;50;false;false;false;false;false;false;false;false;false;false;false
69802;435.42;CASH;F;false;110000;33;false;false;false;true;false;false;true;false;false;false;false
77419;297.39;CARD;M;false;167000;36;false;false;false;true;false;true;true;false;false;false;true
59590;279.82;CARD;M;false;162000;26;false;false;true;true;false;true;true;false;true;false;false
108832;278.6;CHEQUE;F;true;152000;37;false;false;false;false;false;false;false;false;false;true;false
60688;371.07;CASH;M;true;244000;38;false;false;false;false;false;false;false;false;false;false;false
79001;385.51;CARD;F;false;206000;24;false;false;false;false;false;false;false;true;false;true;true
26396;227.65;CARD;M;false;271000;47;false;false;false;true;false;false;false;false;false;false;false
91986;351.61;CASH;F;false;198000;26;false;true;false;true;false;false;false;false;false;false;false
36040;373.03;CASH;M;true;281000;26;false;false;false;false;false;true;false;true;true;false;false
107876;218.93;CHEQUE;M;true;176000;44;false;false;false;false;false;false;true;true;false;true;false
71832;358.77;CARD;F;true;133000;43;false;false;false;false;true;false;false;false;false;true;false
66618;305.01;CASH;F;true;153000;50;true;true;false;true;true;false;false;false;false;false;false
52128;136.85;CARD;M;false;290000;29;false;false;false;true;false;true;false;false;false;false;false
17201;377.74;CARD;M;true;261000;16;true;false;false;true;false;false;false;true;false;true;false
32646;265.31;CHEQUE;M;false;151000;40;true;false;false;true;false;true;true;false;false;true;true
15109;135.35;CARD;M;false;195000;49;false;false;false;false;false;true;false;false;false;false;false
16055;405.41;CASH;M;false;293000;38;false;false;false;false;false;false;false;false;false;true;false
61789;143.52;CASH;M;true;251000;37;false;false;false;true;false;false;true;false;false;true;false
10236;420.57;CASH;F;false;177000;44;false;false;false;false;false;true;true;false;false;false;false
39081;475.8;CHEQUE;M;false;106000;18;false;true;true;true;true;true;true;true;true;false;false
60820;329.8;CASH;F;true;123000;20;false;false;false;true;false;false;false;false;false;false;false
55625;448.62;CARD;F;true;274000;38;true;true;false;false;true;false;false;true;true;false;true
14630;195.78;CASH;M;true;152000;31;false;false;false;true;false;true;true;false;false;false;false
89106;466.62;CHEQUE;F;false;289000;32;false;true;false;false;true;false;false;true;false;false;true
52359;262.05;CHEQUE;F;true;103000;16;true;false;false;false;false;true;false;true;false;true;false
85472;145.03;CARD;F;false;208000;48;false;false;true;false;false;false;false;false;false;true;true
14368;349.17;CHEQUE;F;true;228000;31;false;false;false;false;true;false;false;true;false;false;true
31921;344.26;CHEQUE;M;false;116000;32;true;false;false;false;false;false;false;true;false;false;false
10150;411.35;CARD;F;true;107000;36;true;false;false;false;false;false;false;false;true;false;false
59352;494.21;CASH;F;false;213000;24;false;false;false;false;false;false;false;true;false;true;true
10614;190.42;CASH;M;true;259000;25;false;false;false;false;false;false;false;false;true;false;false
58566;376.64;CASH;M;true;187000;46;false;true;false;false;false;false;false;false;true;false;false
95655;255.8;CASH;F;true;135000;42;false;false;false;true;false;true;false;false;true;true;false
10451;150.17;CHEQUE;M;true;125000;19;false;false;false;true;false;true;true;false;false;false;true
28597;192.05;CARD;M;false;164000;18;false;false;false;true;true;true;true;false;false;false;false
13903;291.64;CASH;F;true;178000;32;true;true;true;true;true;false;false;false;true;false;false
69774;254.47;CASH;M;false;159000;45;false;false;false;true;false;true;true;true;true;false;false
33697;219.79;CASH;M;false;197000;25;false;false;false;false;true;false;false;true;false;false;true
101784;330.38;CASH;M;true;202000;39;false;false;false;true;true;false;false;false;false;false;false
60073;116.56;CARD;M;false;226000;34;false;false;false;false;false;false;false;true;false;true;false
35979;277.47;CARD;M;true;190000;35;false;false;false;false;false;false;false;false;false;true;false
99046;236.45;CASH;M;true;292000;49;false;false;false;false;false;false;true;false;true;false;false
40579;495.42;CASH;F;false;246000;45;false;false;false;false;false;false;false;true;false;false;true
48893;283.28;CHEQUE;F;false;106000;49;false;false;false;false;false;false;false;false;false;false;true
109048;425.79;CARD;M;true;247000;49;true;false;false;true;false;false;true;true;false;true;false
25256;396.93;CARD;M;true;216000;40;false;true;true;false;false;true;false;false;false;false;true
30504;275.03;CHEQUE;F;true;196000;37;false;true;false;false;false;false;false;false;false;true;false
33167;242.18;CASH;F;true;286000;21;false;false;false;false;false;true;true;false;false;false;false
43228;400.92;CASH;M;true;286000;44;true;false;false;false;false;false;false;false;false;false;false
104011;195.89;CARD;F;true;191000;42;false;false;false;false;false;false;false;true;true;false;false
52451;490.56;CHEQUE;M;true;228000;47;false;true;true;false;false;false;false;true;false;false;false
75274;322.88;CARD;M;true;204000;23;true;false;false;true;false;false;false;false;true;true;false
19193;223.49;CARD;M;true;287000;21;false;false;false;false;false;false;false;true;true;false;true
32408;385.7;CASH;F;false;124000;32;false;false;false;false;false;false;true;false;false;false;false
96333;275.58;CARD;M;true;296000;26;false;false;false;true;false;false;false;false;false;false;false
99410;411.35;CASH;F;true;130000;40;false;false;true;false;false;false;false;false;false;false;false
58343;133.66;CARD;M;false;207000;44;false;false;true;false;false;false;false;false;false;false;true
12938;494.83;CHEQUE;F;true;126000;27;false;false;false;true;false;true;false;false;true;false;false
52903;386.38;CASH;M;false;241000;32;false;false;false;false;false;false;false;false;false;false;false
20844;243.92;CASH;F;false;136000;45;false;false;false;false;true;false;false;false;false;false;false
84605;178.49;CHEQUE;F;false;173000;48;true;false;false;false;false;false;false;false;false;false;false
83340;271.35;CASH;F;false;125000;44;false;false;false;false;false;false;true;true;true;false;false
34605;457.7;CARD;F;false;220000;49;false;false;false;true;true;false;false;true;true;false;true
106494;465.81;CARD;F;false;187000;44;true;false;false;false;false;false;true;true;false;false;false
99624;209.33;CHEQUE;F;true;244000;36;true;false;false;false;false;false;false;true;true;false;false
47923;260.39;CARD;M;false;240000;38;false;false;true;true;false;false;true;false;true;false;false
71607;234.97;CASH;F;true;253000;23;true;false;true;false;false;false;false;false;false;true;true
103485;236.34;CASH;M;false;252000;20;false;false;false;false;false;false;true;false;false;false;false
27890;222.41;CARD;M;false;239000;26;false;true;false;false;false;true;false;false;false;false;false
81851;139.83;CARD;F;true;176000;19;true;false;true;false;false;false;false;false;false;true;true
36364;197.25;CARD;F;false;176000;48;false;false;false;false;true;false;false;false;false;true;false
36951;129.53;CHEQUE;F;false;117000;32;false;false;false;false;false;false;true;false;false;false;true
106004;319.12;CASH;M;false;262000;27;false;false;false;false;false;false;false;true;true;false;false
40949;101.17;CASH;M;false;160000;39;true;false;true;true;true;true;true;false;false;false;false
35904;380.6;CHEQUE;F;true;284000;20;true;false;true;true;false;false;false;false;true;true;true
106489;140.77;CARD;F;false;161000;41;false;false;false;false;false;false;false;false;false;false;false
80578;306.86;CARD;F;false;108000;40;false;false;false;false;false;false;true;false;false;false;true
109504;328.44;CARD;M;false;274000;21;false;true;true;false;false;false;false;false;false;false;true
28528;407.11;CHEQUE;F;false;276000;45;false;false;false;false;true;false;false;true;false;false;true
70664;368.27;CASH;M;true;226000;47;false;false;false;false;false;false;false;false;false;false;false
65088;119.4;CHEQUE;M;true;270000;19;true;true;false;false;false;false;false;false;false;true;true
90147;188.33;CASH;M;false;278000;30;false;false;true;false;false;false;false;false;false;false;false
28498;342.3;CHEQUE;F;true;124000;38;false;false;false;false;false;false;false;true;false;false;false
79890;374.33;CHEQUE;F;true;181000;50;false;false;true;false;false;false;false;false;false;true;false
42927;256.37;CARD;F;false;146000;24;false;false;false;false;false;false;false;false;false;false;false
91913;428.92;CASH;M;true;132000;45;false;false;false;false;false;false;true;false;true;false;false
32083;114.41;CHEQUE;M;true;188000;42;false;true;true;false;true;false;false;false;false;false;false
100918;184.9;CASH;M;false;139000;27;false;false;false;true;true;true;true;false;false;false;false
89406;132.18;CASH;F;false;165000;37;true;false;false;false;false;false;true;false;false;false;false
23037;460.15;CASH;F;false;157000;45;true;false;false;true;false;false;false;false;true;false;false
103462;403.38;CASH;F;false;245000;26;true;false;false;false;false;false;true;true;false;false;true
89559;243.81;CHEQUE;F;true;154000;16;true;true;false;false;true;false;false;false;false;true;false
55629;496.01;CASH;M;false;271000;27;false;false;false;false;false;false;false;false;false;true;false
72986;259.76;CARD;F;false;222000;36;false;false;false;false;false;false;true;false;false;false;false
19209;463.67;CARD;M;false;169000;21;true;true;false;true;false;true;true;false;false;false;false
64752;188.47;CASH;F;true;141000;38;false;false;true;true;false;false;true;false;false;false;false
35519;302.37;CARD;M;false;214000;32;false;false;false;false;false;true;false;false;false;false;false
103168;122.67;CARD;F;false;159000;22;true;false;false;true;false;false;true;true;true;false;true
46071;181.2;CASH;F;true;251000;32;true;false;false;false;false;false;false;false;true;true;false
109132;302.88;CASH;F;false;151000;38;false;true;false;false;false;false;false;false;true;false;false
47343;489.55;CARD;F;false;283000;41;false;true;false;false;false;true;false;true;false;false;true
47441;135.42;CARD;F;false;216000;36;false;true;false;false;false;true;false;false;false;false;true
93891;365.95;CARD;F;true;139000;20;true;false;false;false;false;false;false;false;false;true;false
13747;123.37;CARD;F;true;187000;38;false;false;false;false;false;false;true;false;false;false;false
89041;250.85;CHEQUE;M;true;159000;25;false;false;false;true;false;true;true;false;false;false;false
55295;326.52;CARD;F;true;124000;47;true;false;true;false;true;true;false;false;false;false;false
47489;230.23;CARD;M;false;184000;41;false;false;false;false;false;false;false;true;false;false;true
59580;408.78;CASH;M;false;142000;50;true;false;true;true;false;true;true;false;false;false;false
98836;386.02;CASH;F;false;249000;29;false;false;false;true;false;false;false;true;false;true;true
92227;425.33;CASH;F;true;226000;29;true;false;false;true;false;false;false;true;false;false;true
34297;149.74;CARD;F;true;226000;32;false;false;false;false;false;false;false;false;false;false;false
25774;387.71;CASH;F;false;267000;48;false;true;false;true;true;false;false;true;true;true;true
101031;475.2;CARD;M;false;151000;16;false;false;false;true;false;true;true;false;false;false;false
14890;318.99;CHEQUE;M;false;187000;29;false;true;false;false;false;false;false;false;false;false;false
63420;227.58;CHEQUE;M;true;195000;21;true;false;true;false;false;true;false;false;false;true;false
103325;462.27;CARD;F;true;171000;49;false;false;false;false;false;true;false;false;false;false;false
72849;207.74;CARD;M;true;191000;47;true;false;false;false;true;false;true;false;false;false;false
10987;377.07;CASH;F;false;293000;21;true;false;true;false;false;false;false;true;false;false;true
31083;456.14;CASH;F;true;207000;26;true;true;false;true;false;false;false;true;true;true;true
50258;430.88;CASH;F;false;191000;25;false;true;false;false;false;false;false;false;false;false;false
70206;153.22;CHEQUE;M;false;180000;33;true;false;false;true;false;false;false;false;false;false;false
19519;124.08;CARD;M;false;233000;31;false;false;true;false;false;true;true;false;false;false;true
14658;468.04;CARD;F;false;247000;36;false;false;false;false;true;false;false;true;false;true;true
85860;304.11;CASH;F;false;184000;17;false;true;true;false;true;false;false;false;false;false;true
50087;409.25;CARD;F;true;173000;45;false;false;false;false;false;false;false;true;false;false;false
96078;104.61;CASH;M;true;165000;37;true;false;false;true;false;true;true;false;false;false;true
82096;445.39;CASH;M;true;105000;23;true;false;false;true;false;true;true;false;false;true;true
41996;283.47;CARD;F;false;239000;48;false;false;true;false;false;false;false;false;false;false;true
57207;391.62;CHEQUE;M;false;297000;48;false;false;true;false;false;false;false;true;false;false;true
105816;226.47;CARD;F;true;139000;37;true;false;true;true;false;false;false;false;false;false;false
94231;272.6;CASH;M;false;116000;28;false;false;false;false;true;true;false;false;false;false;true
80869;100.45;CARD;F;false;294000;29;false;false;false;false;true;false;false;true;false;false;false
51939;432.41;CARD;M;false;115000;47;false;false;false;true;false;true;true;true;false;false;false
89484;406.55;CARD;M;true;286000;47;false;false;false;true;false;false;true;false;false;false;false
99292;398.99;CARD;F;true;198000;23;true;true;false;false;false;false;false;false;true;true;false
77232;287.94;CHEQUE;M;true;196000;22;true;false;true;false;false;false;false;false;false;true;false
79535;370.48;CARD;F;true;184000;50;false;false;false;false;true;false;false;false;false;false;false
10944;453.27;CARD;M;true;105000;46;false;true;true;true;false;true;true;false;false;false;false
42524;142.98;CHEQUE;F;true;257000;22;true;true;true;false;false;false;false;false;true;true;false
90360;151.37;CASH;F;true;160000;47;false;false;false;false;true;true;true;false;false;false;false
79446;182.45;CASH;M;false;170000;17;false;false;false;false;false;false;false;false;false;false;false
40090;414.85;CHEQUE;F;false;132000;25;false;false;false;true;false;true;false;false;false;false;false
83003;492.49;CHEQUE;F;false;171000;47;false;false;false;false;false;false;false;false;true;false;false
12694;158.63;CASH;F;true;221000;40;true;false;false;false;false;false;false;false;false;false;true
79632;125.36;CARD;M;true;130000;43;false;false;false;true;false;true;true;false;false;false;false
95354;353.97;CHEQUE;M;true;133000;35;false;true;false;true;true;true;true;false;true;true;false
108596;393.3;CARD;M;true;276000;44;false;false;false;false;true;false;true;false;false;false;false
44594;466.74;CASH;F;false;234000;50;false;false;false;false;false;false;false;true;false;false;true
24534;377.38;CARD;F;false;170000;22;true;false;false;false;false;false;false;false;true;false;true
27462;397.47;CASH;F;false;223000;39;false;false;false;false;false;false;true;false;true;false;false
108153;205.8;CASH;F;true;235000;32;false;false;false;false;false;false;false;false;true;false;true
93974;465.1;CASH;M;true;132000;33;false;true;false;true;false;false;false;false;true;false;false
39042;498.32;CASH;F;true;242000;46;false;false;false;false;true;false;false;true;false;false;true
108718;156.2;CASH;M;false;216000;18;false;false;false;false;false;false;true;false;false;true;false
59071;280.76;CHEQUE;F;false;281000;35;false;false;false;false;true;false;true;false;false;true;false
72299;240.27;CHEQUE;F;false;258000;24;true;false;false;false;false;false;true;false;true;true;false
103546;455.89;CARD;M;true;285000;44;false;false;false;false;false;false;false;false;false;false;false
52011;391.19;CASH;F;true;245000;25;false;false;false;false;false;false;true;false;false;false;false
81745;159.57;CARD;F;false;124000;49;false;false;true;false;false;false;false;false;true;false;false
70428;236.08;CARD;F;true;216000;42;false;false;true;true;false;false;true;true;true;false;false
85182;119.2;CARD;M;true;276000;22;true;true;false;false;false;false;false;false;true;true;false
62175;179.18;CASH;M;true;133000;16;true;true;false;true;true;true;true;false;false;true;false
39715;282.12;CASH;M;false;202000;17;true;false;false;false;false;false;false;false;false;false;false
97328;240.25;CASH;F;false;143000;24;false;false;true;true;false;false;false;false;false;false;false
50064;470.82;CARD;M;true;154000;20;true;false;true;true;false;true;true;false;false;true;false
72200;124.52;CASH;F;true;144000;48;true;false;true;false;false;false;false;false;false;true;false
14301;399.17;CASH;M;true;142000;33;false;true;true;true;false;true;true;false;false;true;true
109583;410.08;CARD;M;true;292000;34;false;false;false;false;false;false;false;false;false;false;false
50647;385.63;CARD;M;false;221000;25;false;false;false;true;false;false;false;false;false;false;false
95443;479.23;CARD;M;false;290000;42;true;false;false;false;false;false;false;true;false;false;false
65225;438.56;CHEQUE;F;false;259000;48;false;false;true;false;false;false;false;false;false;false;false
67809;103.76;CHEQUE;F;true;116000;39;false;false;false;false;false;true;false;false;true;false;false
74314;387.03;CARD;F;true;175000;31;true;false;false;false;true;true;false;false;false;false;false
57102;199.09;CASH;M;true;161000;30;false;false;false;true;false;true;true;false;false;true;false
61011;181.25;CASH;M;false;250000;21;false;false;false;false;false;false;true;false;false;false;true
52421;317.35;CARD;M;true;150000;16;true;false;false;true;true;true;true;true;true;true;false
17064;153.25;CHEQUE;F;false;158000;45;false;false;false;false;false;false;true;false;false;false;false
28061;372.24;CARD;F;false;232000;43;false;true;false;true;false;false;false;true;false;false;true
12291;419.51;CASH;M;true;267000;40;false;false;false;false;false;false;false;true;false;false;true
105095;480.78;CASH;F;false;180000;50;false;true;false;false;false;false;false;false;true;false;false
89958;344.23;CASH;F;false;194000;27;false;false;true;false;true;true;false;false;false;true;true
32432;283.84;CHEQUE;M;false;297000;34;false;true;false;false;false;true;false;false;false;false;true
70063;283.93;CHEQUE;M;true;187000;35;false;false;false;false;false;false;false;true;false;false;false
42037;497.61;CASH;M;true;299000;25;false;false;false;false;true;false;false;false;false;false;false
24258;348.28;CARD;F;false;143000;23;false;false;false;false;false;false;false;false;false;false;false
109672;165.29;CARD;M;false;156000;20;false;false;false;true;false;true;true;true;false;false;false
33891;120.01;CARD;F;false;131000;47;false;true;false;false;false;false;false;false;false;true;false
44775;235.74;CHEQUE;F;true;264000;44;true;false;false;false;false;false;true;true;false;true;false
57101;207.58;CARD;M;false;198000;49;true;false;false;false;false;true;false;false;false;false;false
13564;315.83;CHEQUE;F;false;129000;19;false;false;true;false;false;false;false;false;false;false;false
28427;129.73;CHEQUE;M;true;107000;32;false;false;false;true;false;true;true;false;false;false;true
24864;246.67;CASH;F;false;192000;38;true;false;false;true;false;true;false;false;false;false;false
61159;472.27;CARD;M;true;250000;21;true;true;false;false;true;false;false;false;true;true;false
10645;184.8;CARD;M;false;133000;20;true;true;false;true;false;true;true;false;false;false;false
96076;244.41;CASH;F;false;229000;36;false;false;false;true;false;false;false;false;false;true;true
66651;256.29;CHEQUE;F;false;279000;44;false;false;false;false;false;false;false;false;false;false;false
61342;265.89;CASH;F;true;189000;41;false;false;false;true;true;false;true;false;false;false;false
94754;450.85;CASH;F;true;297000;41;false;false;false;true;true;false;false;true;true;true;true
37917;229.28;CASH;F;true;105000;26;true;true;false;false;false;false;false;true;false;false;false
18517;425.09;CARD;M;false;139000;38;true;true;false;true;false;true;true;false;false;false;false
14107;129.5;CARD;F;true;275000;33;false;true;false;false;false;false;false;false;false;true;false
91117;336.1;CARD;M;true;178000;21;true;false;false;false;false;false;false;false;false;true;false
28268;108.78;CASH;M;true;213000;26;false;false;true;false;false;false;false;false;false;true;false
76944;476.15;CASH;F;false;239000;34;false;false;false;false;false;false;true;true;false;false;true
58485;355.47;CHEQUE;M;true;280000;27;true;false;false;false;false;true;false;false;false;false;true
82801;425.43;CARD;M;true;201000;28;false;false;false;true;false;true;false;true;false;false;false
54314;312.93;CASH;F;false;287000;44;false;true;false;false;false;false;false;false;false;false;false
106122;323.36;CASH;M;false;237000;22;false;false;true;false;false;false;false;true;false;false;false
105188;443.61;CASH;M;false;264000;39;false;false;false;false;false;false;false;false;true;false;false
73708;433.06;CHEQUE;F;true;219000;36;true;false;false;true;false;false;false;true;true;true;true
72900;144.63;CARD;M;true;187000;17;true;false;true;false;false;false;false;false;false;true;false
29343;110.38;CHEQUE;F;true;273000;46;true;true;false;false;false;false;false;true;false;false;true
109884;358.21;CARD;F;true;151000;18;true;false;false;false;true;true;false;false;true;true;true
32160;197.17;CASH;F;false;206000;33;false;false;false;false;false;true;true;false;false;false;true
59297;493.56;CHEQUE;F;true;220000;28;false;false;false;true;true;false;true;true;false;false;true
101544;385.66;CARD;M;true;251000;47;true;false;false;false;true;true;false;false;false;false;false
94004;438.67;CARD;M;true;280000;37;false;false;false;false;true;true;true;false;false;false;false
91074;465.64;CARD;F;true;116000;19;false;false;false;true;false;true;false;false;false;false;false
78302;326.84;CARD;M;false;205000;33;true;false;false;true;false;false;false;false;false;false;false
65006;105.46;CASH;F;true;126000;24;true;false;false;false;false;false;false;false;true;true;false
27496;163.27;CARD;F;true;257000;48;false;false;false;false;false;true;true;false;false;false;true
27306;173.9;CHEQUE;F;true;106000;42;true;false;false;true;false;true;true;false;true;false;true
108855;328.41;CARD;F;false;228000;30;false;false;false;false;true;false;false;true;true;true;true
30423;449.42;CHEQUE;F;false;122000;45;false;false;false;false;false;false;false;false;true;false;true
14015;318.65;CASH;M;true;172000;38;false;false;false;true;false;false;false;false;false;false;true
19211;359.54;CARD;M;true;127000;28;false;false;false;true;false;true;true;false;false;false;true
18917;479.34;CARD;M;true;121000;47;false;true;true;true;false;true;true;false;false;false;true
68104;123.29;CHEQUE;F;true;208000;45;false;false;false;true;false;true;true;false;false;true;false
109425;232.35;CARD;F;false;203000;20;false;false;false;false;true;false;false;true;false;false;false
55550;314.75;CASH;M;true;215000;28;true;false;false;false;false;true;false;true;false;false;false
14514;316.01;CARD;F;false;110000;45;false;false;false;false;true;false;false;false;true;false;false
103087;385.78;CASH;M;false;155000;35;false;true;false;true;false;true;true;true;false;false;false
56885;335.69;CHEQUE;M;true;155000;27;false;true;false;true;true;true;true;false;true;false;true
41866;204.51;CASH;F;true;161000;34;false;false;false;false;false;false;false;false;false;false;false
69372;115.39;CARD;F;false;107000;35;false;true;false;false;false;false;false;false;false;false;true
105429;152.94;CASH;M;true;233000;43;true;true;false;false;false;true;false;false;false;false;false
15317;438.94;CARD;M;false;237000;40;false;false;true;false;false;false;false;false;false;false;false
68156;181.15;CHEQUE;F;true;263000;40;false;false;false;false;false;false;true;false;true;false;false
104971;357.5;CHEQUE;F;false;249000;24;false;false;false;false;false;false;false;true;true;false;true
78626;330.97;CASH;M;true;237000;47;false;true;false;false;false;true;false;false;false;false;false
60153;471.56;CARD;M;false;274000;31;false;true;false;false;true;false;true;true;false;false;false
80728;212.64;CASH;F;false;117000;28;false;true;false;true;true;true;false;false;false;false;true
100553;241.45;CARD;M;true;215000;34;true;false;false;true;false;false;false;true;true;false;false
43962;116.76;CHEQUE;M;true;226000;49;false;false;false;false;false;false;false;false;false;true;false
78357;288.48;CARD;F;true;286000;40;false;false;true;false;false;true;false;false;false;false;false
82796;185.93;CARD;F;false;178000;17;false;false;false;false;true;false;false;false;false;false;false
40459;379.93;CARD;F;true;237000;47;false;false;true;false;false;false;false;true;false;false;true
106499;269.58;CASH;M;false;107000;31;false;false;false;true;false;true;true;false;false;false;false
109224;200.95;CHEQUE;M;true;275000;18;true;false;false;false;false;false;true;false;false;true;false
32182;133.27;CASH;F;false;243000;29;false;false;false;false;false;false;true;false;false;false;false
100393;287.75;CASH;M;true;272000;22;true;false;false;true;false;false;false;false;false;true;true
26061;470.53;CASH;M;true;110000;22;true;true;false;true;true;true;true;false;false;true;false
47330;209.34;CASH;F;false;188000;21;true;false;false;false;false;true;false;true;false;false;true
94864;434.74;CHEQUE;F;true;142000;47;false;false;false;false;false;false;false;true;false;false;false
28959;215.85;CASH;M;true;236000;38;false;false;false;false;false;true;false;false;false;false;false
54462;388.38;CASH;M;true;159000;31;false;false;true;true;false;true;true;true;false;false;false
63880;167.47;CASH;F;true;208000;23;true;false;false;false;true;false;false;false;false;true;false
104630;496.88;CARD;F;false;238000;19;true;false;false;false;false;false;false;true;false;false;true
11565;449.74;CASH;F;true;164000;19;false;true;true;true;false;false;false;true;false;true;false
93527;333.61;CASH;M;false;297000;38;false;false;false;false;false;false;true;true;false;false;false
88812;288.76;CARD;F;true;105000;34;false;false;false;false;false;false;true;false;false;false;false
61107;303.14;CARD;F;false;211000;30;true;false;true;false;false;false;false;false;false;false;false
104722;336.67;CARD;M;false;167000;38;false;false;false;true;false;true;true;false;false;false;false
10915;124.62;CARD;F;true;135000;22;true;false;true;false;true;true;false;false;false;true;false
33056;144.01;CHEQUE;M;true;235000;27;false;false;false;false;false;false;false;false;false;false;false
78967;361.66;CHEQUE;M;false;145000;25;false;false;false;true;false;true;true;false;false;false;false
81825;250.71;CARD;F;true;123000;21;true;false;true;false;false;false;false;false;false;true;false
51846;370.74;CARD;F;true;140000;21;true;false;false;false;false;false;false;false;false;true;false
58288;144.81;CARD;M;true;160000;24;false;false;false;false;false;false;false;false;false;false;false
30459;326.75;CHEQUE;F;true;205000;29;false;false;false;true;false;false;false;true;false;true;true
70018;427.99;CHEQUE;F;false;258000;39;true;false;true;false;false;true;true;true;false;true;true
62789;151.6;CASH;M;true;140000;25;true;false;false;true;false;true;true;false;false;false;false
102887;333.15;CHEQUE;M;true;203000;46;true;false;false;false;false;true;false;false;false;false;false
83102;480.07;CASH;M;false;146000;47;false;false;false;true;false;true;true;false;false;true;false
57268;250.26;CASH;M;false;220000;25;true;true;false;false;false;false;false;false;true;false;false
78139;485.57;CASH;M;true;252000;29;true;false;false;true;true;false;false;false;false;false;false
86331;454.52;CARD;M;true;103000;29;false;false;false;true;false;true;true;false;false;true;true
31384;372.05;CARD;M;true;275000;27;false;false;false;true;false;false;false;false;false;false;false
63996;137.35;CHEQUE;F;true;226000;23;true;false;false;true;false;false;false;false;false;true;false
99025;290.79;CARD;M;false;274000;42;false;true;false;false;false;false;false;false;false;false;false
95921;348.57;CASH;F;false;233000;43;true;false;false;false;false;false;false;true;false;false;true
99164;306.96;CASH;M;true;216000;26;false;false;true;false;false;false;false;false;true;false;true
